source,country,review_id,author,rating,title,body,version,updated
app_store,au,14203566875,Enough Aus,1,Expense,You charge too much and don’t give artists enough,9.1.58,2026-06-19T19:28:41-07:00
app_store,au,14203382747,Ilasiayimase,4,Great but still can improve,Having been using Spotify for a couple of years. Lyrics sometimes are not accurate or not available. Suggest to add a function that user can provide lyrics for review before post. Also the background colour for full screen lyrics can’t be adjusted which is a pain especially when you follow the lyrics and have to look at the screen in bright colours fora long time when practicing a song.,9.1.58,2026-06-19T18:17:56-07:00
app_store,au,14203358260,Monty5775,5,The greatest app of music,Does free choice of songs that you can search and listen to you?,9.1.58,2026-06-19T18:08:24-07:00
app_store,au,14202804572,JLS8725,5,So good,Sooooooooooooooooooooooooooooooooooooooooooooooooooooo good,9.1.58,2026-06-19T14:30:57-07:00
app_store,au,14202550502,The human shield,1,You’ve done it…..NOT,"I was enjoying listening via premium service yesterday. Then all of a sudden it stopped and I thought to myself what has happened here
So I checked and it turns out all my music is gone/deleted and my premium account is gone!!! What have you done to me???
I need this account for my job which involves driving all day, each day. It keeps me happy. Now you have made it worse. Why should I pay for something I don’t have??!!! Fix it up!!!",9.1.58,2026-06-19T12:58:55-07:00
app_store,au,14202466153,BurntChiginNug,1,SO SLOW,The app takes like 20 seconds to open then 20 more seconds to open my liked songs then another 20 seconds to play a song,9.1.58,2026-06-19T12:29:40-07:00
app_store,au,14201456918,Darth Jar Jar Binks …,5,My review,"Lowkey got bored and saw this pop up, after listening to a horrific song so yeah. Ps I know how to juggle",9.1.58,2026-06-19T07:18:24-07:00
app_store,au,14200982238,Spotify Review❤️💗❤️💗,5,Spotify Review,"Spotify has helped me in many ways, calm down, make me cheer up and many other things. I listen to Spotify every day and it helps me focus on work and just for fun. My favourite songs on Spotify is 10:35, Megaverse and Chk Chk boom. There are many more but my favourite artists are Stray Kids, Post Malone and Livingston. If I love Spotify, then you can too, I encourage you to download Spotify and have the best life with it.",9.1.58,2026-06-19T04:52:32-07:00
app_store,au,14200899999,Feuegevvsiasudwpwhdvcec,4,Ads,There are way to manny adds,9.1.58,2026-06-19T04:24:04-07:00
app_store,au,14200773618,Tay Tay Ayy,5,Bring back the disco ball logo,"Please for a little while longer, keep the disco ball as the Spotify logo. Myself and many more love this whimsy icon and it adds some pizazz to our Home Screen. I love this app so much but please please BRING BACK THE DISCO BALL",9.1.58,2026-06-19T03:37:16-07:00
app_store,au,14200748647,Letsplay🏌🏾‍♂️,5,Rich,Love Spotify,9.1.58,2026-06-19T03:27:28-07:00
app_store,au,14200690834,Tink 885,5,What,What I would do without you ?! 💕,9.1.58,2026-06-19T03:04:02-07:00
app_store,au,14200663865,ned-sanders,1,Trust is eroded.,"After years I unsubscribed to Spotify premium. Not being able to filter out AI generated music, learning about the abhorrent and blatant bottom line mission this company is on - just ew. No thanks.",9.1.56,2026-06-19T02:52:49-07:00
app_store,au,14200626932,Jools R.,5,Awe & Wonder,One of the wonders of the modern world - it astounds me every day.,9.1.56,2026-06-19T02:36:54-07:00
app_store,au,14200547529,katstevens130388,5,BEST THING SINCE SLICED BREAD,"This app, is the best thing I’ve ever used!! I’m absolutely lost without it!! Best investment 😍😍",9.1.56,2026-06-19T02:02:23-07:00
app_store,au,14200510948,Imlikeliterallythetuffest,5,Spotify rules,I love it so much it’s my favourite app( aside from Netflix!!hehhe),9.1.56,2026-06-19T01:46:03-07:00
app_store,au,14200472124,Lola Feeney :),5,Why I like spotify,"Spotify is great because it helps me express myself and how I feel in moments of my life. It has an amazing range of music and is always giving me opportunities to find out new genres that I love. Spotify knows the moment and can always match a perfect song. Their new feature DJ, I like is also awesome. He’s got a great sense of humour and always knows what vibe i’m looking for. I think spotify is pretty affordable too! Considering i’m a student who loves music i’m happy to pay a small fee every month for this amazing app.",9.1.56,2026-06-19T01:28:29-07:00
app_store,au,14200419390,Mahomie25,5,:),Absolutely DIDDY uwu,9.1.56,2026-06-19T01:04:35-07:00
app_store,au,14200329449,chick is cool,1,it’s stuck,It’s on mix and I can’t undo it and I don’t wanna pay premium just to listen my music in latest added 😡,9.1.56,2026-06-19T00:23:52-07:00
app_store,au,14200296066,Tee Jay 68,5,Incredible app !!!!🥰,"Like I said incredible app, Spotify keeps improving things every time , my favourite 🤩",9.1.56,2026-06-19T00:09:04-07:00
app_store,au,14200285068,KathrynJay,4,😍😍😍😍,It is amazing but please let us pin more than 4 playlists,9.1.56,2026-06-19T00:04:09-07:00
app_store,au,14200271957,chelsea__v,5,yes,i want a cover available for my folders for playlisys pls but yes i love spotify,9.1.56,2026-06-18T23:58:17-07:00
app_store,au,14200243827,Pretty blue eyes 5764,5,Spotify,Make your own playlist,9.1.56,2026-06-18T23:45:33-07:00
app_store,au,14200218885,Joo00oom,5,Litty tittty,The spots on my titry are rather Litty,9.1.56,2026-06-18T23:34:12-07:00
app_store,au,14200158228,PR0010,3,Audiobooks,Wish you could have this version for Zambia and other African countries,9.1.56,2026-06-18T23:07:08-07:00
app_store,au,14200141102,Kaur prabhjot,5,Cool,Cool,9.1.56,2026-06-18T22:59:25-07:00
app_store,au,14200112679,Bortina,5,just the best,couldn’t be any better,9.1.56,2026-06-18T22:46:39-07:00
app_store,au,14200067070,Reviewer2.4,4,Good app,"Spotify is amazing. Free music, premium isn’t annoying like other apps. Only downside is the basic shuffle needing to be a premium feature. I understand you want to make money for that which is probably why but still. Its is so annoying.",9.1.56,2026-06-18T22:26:27-07:00
app_store,au,14199975126,Shnitzeltitsinsane,1,Shnitze.,I luv this App! I am forever grateful. 🤩👍🏿,9.1.56,2026-06-18T21:45:34-07:00
app_store,au,14199877642,Non Exieres,1,Pages won’t load,"I pay a subscription to use your service but after the last update, it still hasn’t fixed an issue Spotify has had for months. When you click on a podcast page, it doesn’t load the shows. All you get is the 3 dots flashing. It never loads. I’m now cancelling my subscription, had enough of the continuous faults that never get fixed. If I can’t use your app the way it’s meant to work and have to pay for the inconvenience, why bother. Waste of money.",9.1.56,2026-06-18T21:02:54-07:00
app_store,au,14199722509,Trowsa,1,Terrible Terrible App,"Congratulations Spotify developers you have managed to destroy our listening experience with your updates for our iPads. 
We have 2 iPads in the house and I first thought it was just a deterioration in our older one but it is the same on our newer one too. 
I don’t know what you have done but app tries to load and fails it’s always loading or you try to search something and it fails and says to reload. 
Seriously poor show!
No issues with your app on our iPhones YET.",9.1.56,2026-06-18T19:57:59-07:00
app_store,au,14199690157,Doug 006.95,5,Easy listening,Great job guys excellent music but please don’t dont crowd it out with more adverts.,9.1.56,2026-06-18T19:44:54-07:00
app_store,au,14199255404,DJ Stu￼,5,Gets me through the day,"I’ve been using Spotify for the last three years and dealing with the ads and loving the choice of the music but to be honest I’m going to move to premium and I should’ve done it from the beginning. I listened to Spotify more than the radio or the television, it just says everything that I require and I’m not joking anyway keep up the good work Spotify",9.1.56,2026-06-18T16:57:35-07:00
app_store,au,14199072219,DrMrs81,1,Audiobooks faulty,My audiobooks keeps repeating chapters. Has been happening for about a month. Can’t seem to be able to fix it. Glitch in the app!,9.1.56,2026-06-18T15:44:50-07:00
app_store,au,14199025908,੧ਓ,2,Charger,It’s getting very expensive.,9.1.56,2026-06-18T15:26:26-07:00
app_store,au,14198962067,Lovely stuff Spotify,5,Lovely stuff,Lovely stuff,9.1.56,2026-06-18T15:01:44-07:00
app_store,au,14198916882,Dactc76,3,Shuffle,"When you have a playlist for some reason, the shuffle plays the same songs before you go through the whole playlist",9.1.56,2026-06-18T14:44:22-07:00
app_store,au,14198846170,jessppeeppee,1,"greedy, greedy people","every time i make a playlist i can’t even listen to it because it adds all of its stupid songs. they should make the free one better smh. do not recommend. why are they so greedy? they do not need to put 4 ads in between each song it ruins the mood. and how come i can’t control what order i want to listen to the song? oh because you want more money. this company is so greedy that it won’t allow low-middle class to listen to music comfortably only people who are rich enough can. what is this inequality. i’m so disappointed, it’s 2026, be better.",9.1.56,2026-06-18T14:17:42-07:00
app_store,au,14197955493,OMario998,5,Satisfied music review,Whole different vibe n feeling so good 🎶,9.1.56,2026-06-18T09:23:08-07:00
app_store,au,14197664026,Ryder 122,5,Please make it more daily skipssss,Please make it more daily skipssss,9.1.56,2026-06-18T07:59:41-07:00
app_store,au,14197390709,Maddie stray kids fan,5,Spotify is so good!,"Spotify is an amazing listening app, great for all genres, best & fav app I’ve installed , podcasts, videos, music! 100% recommend!!",9.1.56,2026-06-18T06:41:16-07:00
app_store,au,14197235909,Richel_fule,5,‘What a music man’,Just enjoying,9.1.56,2026-06-18T05:54:29-07:00
app_store,au,14197211966,Hahdjekjfnrjskkdn,1,Forced to watch advertisements,I don’t understand that paying a subscription means being forced to watch advertisements,9.1.56,2026-06-18T05:47:02-07:00
app_store,au,14197181980,Mintusagar,5,Best mosaic,Best music app,9.1.56,2026-06-18T05:37:35-07:00
app_store,au,14196986972,I’lenah,5,Lone me not,I love all of your songs so much,9.1.56,2026-06-18T04:32:53-07:00
app_store,au,14196963786,alan ccccc,5,Thanks for bringing back the previous logo!,Bring the previous logo back!,9.1.56,2026-06-18T04:24:40-07:00
app_store,au,14196936334,laachlan,4,Thank u so good,Thank you so much for all your effort in to this app,9.1.56,2026-06-18T04:14:49-07:00
app_store,au,14196923693,Divalicious ￼,5,Best of the best,Spotify is so amazing,9.1.56,2026-06-18T04:10:19-07:00
app_store,au,14196919884,Patto1977,1,Always ads!,Have premium and I still get pop ups every time I open the app that I have to dismiss! I’m over it and wonder why I’m paying so much!,9.1.56,2026-06-18T04:08:55-07:00
app_store,au,14196837376,Jojoclipped,5,Peak,Love it,9.1.56,2026-06-18T03:37:47-07:00
app_store,au,14196825747,Monnie🫰🏼,1,B,Too many ads,9.1.56,2026-06-18T03:33:13-07:00
app_store,au,14196780908,🎧 listen,4,Spotify 😊❤️,"I can infinitely listen to SO many songs, easily👍.",9.1.56,2026-06-18T03:15:32-07:00
app_store,au,14196776455,Oasis-lover,5,Heeheheh,I love Spotify,9.1.56,2026-06-18T03:13:44-07:00
app_store,au,14196659709,"G,B,A,D",5,B,Best app that plays songs ❤️❤️❤️❤️❤️,9.1.56,2026-06-18T02:24:07-07:00
app_store,au,14196652868,ernie1964,4,what if it’s true?,I am an old Blind fart and I’ve been a loyal listener of yours since 2019 really enjoy every podcast you put out. Well done. Keep them coming all the best jeff.,9.1.56,2026-06-18T02:21:10-07:00
app_store,au,14196559046,Sajid Kadir,2,Keeps switching between devices,Will randomly force my airpods to switch between my iPhone and MacBook. Billion dollar mega corp can’t figure out even the basics. This is pathetic.,9.1.56,2026-06-18T01:38:47-07:00
app_store,au,14196510604,Khloee Boakye,5,Opinion,We love the music! 😂,9.1.56,2026-06-18T01:16:33-07:00
app_store,au,14196504729,Vanandel,5,Yay!,"I love Spotify 
Hehe",9.1.56,2026-06-18T01:13:46-07:00
app_store,au,14196477079,#musicislife67,5,Peak.,Without Spotify I would be dead. I love you.,9.1.56,2026-06-18T01:00:51-07:00
app_store,au,14196468552,Mr poo is me fart fart poo poo,5,Me,Goooooooooooooooooooooooooooooooooooooooooooooooooooooooooooooooooooooooooooooooooooooooooooooooooooooooooooooooooooooooooooooooooooooooooooooooooooooooooooooooooooooooooooooooooooooooooooooooooooooooooooooooooooood,9.1.56,2026-06-18T00:56:51-07:00
app_store,au,14196464771,Jelly_Quack,4,Slow,"Everything has slowed down quite a lot since the update. When you first go into the app it takes a while for everything to load and then for the song bar down the bottom to show up. Playlists take their time, too.
Other than that, it’s good.",9.1.56,2026-06-18T00:55:04-07:00
app_store,au,14196359721,Luisa Bresolin - Floripa,5,Great experience,Love the radios based on our likes,9.1.56,2026-06-18T00:07:02-07:00
app_store,au,14196334342,H_FORTNITE685,5,HAVANA LOVES IT,Really love how the songs are vibing with and clear keep it up Spotify ✌️😀,9.1.56,2026-06-17T23:55:40-07:00
app_store,au,14196267412,Coco Fantastico,5,It’s the,Best. Because it is easy to get to the point in the song and to change it and you can also choose a song essay.,9.1.56,2026-06-17T23:23:54-07:00
app_store,au,14196116011,doggi132,4,Ads are annoying,Ads are annoying,9.1.56,2026-06-17T22:12:30-07:00
app_store,au,14196105186,H ncnn,5,Spotify,Spotify is excellent for anything weather it is hanging out with your friends or just having time by yourself,9.1.56,2026-06-17T22:07:32-07:00
app_store,au,14195756219,The real Jelly Bean,5,Overheating,"iPhone 17 pro max 
Overheating listening Spotify, also loosing battery very fast.",9.1.56,2026-06-17T19:34:46-07:00
app_store,au,14195737009,DikanoMX,5,Best Music App!,Love Spotify! Been using it for years and couldn’t recommend it enough. It does everything you need it to do for you.,9.1.56,2026-06-17T19:27:07-07:00
app_store,au,14195530645,ARB-079,5,Rodney King,Easy searching and great family sharing options.,9.1.56,2026-06-17T18:06:19-07:00
app_store,au,14195457347,Newagewelder,5,Optional?,"Spotify is awesome, nothing more and nothing less",9.1.56,2026-06-17T17:36:51-07:00
app_store,au,14195316705,•w• •-•,1,It’s not fiar,Evreything needs to be free😀😃😁😆🥲🤣😂🥹🥹☺️😊😇🙂🙃😛😚😌😉😗😝🤪🤨🧐🥳🥸😎🤓🙂‍↕️😒🙂‍↔️☹️☹️😕😟😔😣😫😩🥺🥺😩😩😫😖😢🤬😤😠⚖️⚖️🪎💎💷💷🧯💡⏳⏱️📲📺📷📲⏳💽🧭🎞️🔦🎞️⏱️🛹🎿🛝🥌🏉🤸🏽‍♀️🏏⛸️🏌️‍♀️🤽🏾‍♀️🏇🚵‍♂️🤽🏾‍♀️🚵‍♂️🥈🧗‍♀️🤽🏾‍♀️🤽🚵‍♂️🎗️🤹‍♂️🤹‍♀️🎖️🚵🫟🚴‍♂️🩰🎟️,9.1.56,2026-06-17T16:40:21-07:00
app_store,au,14195315813,Louirev,5,Good job,I love your work in Spotify I like Micheal jacksom and I just farted,9.1.56,2026-06-17T16:39:58-07:00
app_store,au,14195202951,RafaW07,1,Adds??,"Too many adds, what a joke!",9.1.56,2026-06-17T15:54:41-07:00
app_store,au,14195176232,Alexia kouba,3,Review,Way to many adds at one and to many in general like tone it down a bit,9.1.56,2026-06-17T15:44:08-07:00
app_store,au,14195168162,GGAT1968,5,Fantastic,Great App,9.1.56,2026-06-17T15:40:53-07:00
app_store,au,14195082201,Ogusustes gluon,5,My review,Amazing songs,9.1.56,2026-06-17T15:07:20-07:00
app_store,au,14195047318,Lukavbmx,5,It the best app,Go and get It,9.1.56,2026-06-17T14:54:09-07:00
app_store,au,14195016317,Linja1L8,5,Spotify is great!,"The quality is good
I can find al of my favourite songs
Thanks Spotify for being the top music app!",9.1.56,2026-06-17T14:42:23-07:00
app_store,au,14194938328,Aster slinky,5,Great,Awesome songs I love listening to keep it up,9.1.56,2026-06-17T14:13:43-07:00
app_store,au,14194696279,Sexy.          Yvfugu,5,Whiskey and beer and wine and cheese and some ice cream and some ice tea and I are going too.,"Kinda looks like a good idea to have sexy girls on the front yard with rifles. I think they would look really cute with those rifles, though I’m not sure how I could do that with a knife and a hammer and a sword and a pencil sharpener on my facebook account so I’m guessing that might work out better for me as I don’t know if they are just the ones that are in my phone and not my cell number but they might work for you guys if I don’t have any of them I can try and get one from my friend to see what I have on my Facebook account but I’m sure they will work for me if you want me too, sexy baby. Love you baby I miss my sweet girl I love your daughter so very sweet and sweet girl and a good day to me too much stress me too I hope you’re having fun with your day off to get to know you too I miss seeing each other’s and I’m thinking about going to your house here he be he birthday is on Saturday so I’m sure he would like that and then I would love to see you guys if you guys are going to be together and I would love that would be great if you guys would like me to come over and have a marriage un sure if you’re coming or if you’re not I can just go over to the shop to see if I want and then come home to see your house or if I could just go home to see if I could get some of your stuff or if I could go",9.1.56,2026-06-17T12:48:58-07:00
app_store,au,14193221438,Rbg yew,5,Rbg,5⭐️,9.1.56,2026-06-17T05:22:26-07:00
app_store,au,14193204246,Limitation of Songs,5,Limited Songs,"The app is very easy, however not all the songs of a band or singer appear on their dedicated list.",9.1.56,2026-06-17T05:16:58-07:00
app_store,au,14193191538,Nengiri,5,Spotify,Very good,9.1.56,2026-06-17T05:12:56-07:00
app_store,au,14193063416,Speedsasscrack,5,Goodies!,"I find it a very good app, the way they know the song ur talking about by even just a sentence from the song just amazes me. U can hafe billions of songs into your playlist, you can give your playlists to other people and make your own. Not a lot, just wow.",9.1.56,2026-06-17T04:30:06-07:00
app_store,au,14193053951,BRINGBACKHEESEUNG1009,3,Used to love this app but what happened with the “update”?,"This used to be my go to music streaming app, but the new “update” has been making me frustrated. I can’t even play my playlist, and it adds some unrelated songs i don’t even listen to (IT’S STUCK ON SHUFFLE!). And wdym you can’t even order, delete, control shuffle or not, and you have to pay for it now. Please fix this.",9.1.56,2026-06-17T04:26:48-07:00
app_store,au,14192997506,Gio Roj,4,Lullabies songs,"I Love the playlist Lullabies for my toddler in sleeping time. beautiful songs, perfects.",9.1.56,2026-06-17T04:06:53-07:00
app_store,au,14192986270,$lick tha $loth,5,.,"Spotify genuinely saved my life, it’s been there for me when nobody was there, when nobody wanted to help me.",9.1.56,2026-06-17T04:02:55-07:00
app_store,au,14192827533,Mushroomsallie,3,Stop changing everything,Every update makes the app worse,9.1.56,2026-06-17T03:00:40-07:00
app_store,au,14192820925,Galactus Prime,5,Works,Does what it says on the tin,9.1.56,2026-06-17T02:57:54-07:00
app_store,au,14192762178,SkyRedeem3r,3,Amazing but…,Amazing just that but got quite annoyed with some audio books being removed (MID READ) and only getting the message “this content is unavailable in you region” when I was listening to it 5 minutes ago!,9.1.56,2026-06-17T02:33:10-07:00
app_store,au,14192707879,Six Seven Forty One 6741,5,SLAY,LOVE THIS!!!,9.1.56,2026-06-17T02:09:23-07:00
app_store,au,14192692260,The best Roblox app is this,5,Nothing,Honestly It’s better than better it so good,9.1.56,2026-06-17T02:02:30-07:00
app_store,au,14192687115,UXUIwhat?,1,Opt out of ai songs,There should be a setting to exclude the AI songs from the suggestions that are made to me or placed on my discovery mode. I want to be able to find new artists without having to review if they actually exist.,9.1.56,2026-06-17T02:00:10-07:00
app_store,au,14192683232,Your mammma,5,Good,This is so bad is so mad just kidding it’s strange like good ok,9.1.56,2026-06-17T01:58:26-07:00
app_store,au,14192602750,Tomiprusac,5,Premium,Make premium cheaper,9.1.56,2026-06-17T01:22:15-07:00
app_store,au,14192561729,toe-eater31,2,Always premium needed!,Can you please at least make mobile users not have random shuffle on for every single thing and the fact that you cant like go back a couple seconds in a song is so bad that its annoying! I know thats your technique to making,9.1.56,2026-06-17T01:03:35-07:00
app_store,au,14192534801,Ascot Fan 69,1,Pay artists properly,Pay artists properly,9.1.56,2026-06-17T00:51:14-07:00
app_store,au,14192514438,Djdjdjdj4448,5,Spotify,"Veryyyy good, only a little bit too much ads.",9.1.56,2026-06-17T00:41:46-07:00
app_store,au,14192442431,Plum the dinosaur,5,Love,I love love love Spotify it’s is so easy to use and I can always find the songs im looking for even just using the lyrics,9.1.56,2026-06-17T00:08:36-07:00
app_store,au,14192338893,Chazza_sta,5,Spotify,Best app for music,9.1.56,2026-06-16T23:20:00-07:00
app_store,ie,14202203201,Bring back downloads please…,3,It’s a good app but only for premium,"I have my accounts and I like the way you can download your songs, but not you can’t you have to have premium I might just delete my account and there is also too much ads but it’s only the perfect app if you have premium. I miss listening to my songs on the go with headphones because I don’t have any internet and it’s fun and now it’s just boring I can’t listen to any of my songs anymore, I am just asking for the downloading back and maybe if your nice, put in a bit less ads, but I’d rather the downloading back please bring it back it’s the whole reason I have Spotify and the reason I bought headphones and now I can only use them in my home but there no fun in that.",9.1.58,2026-06-19T11:02:03-07:00
app_store,ie,14201846080,Apollo_1320,5,Great,"Does its job well, nothing I can really criticise. Very convenient",9.1.58,2026-06-19T09:11:00-07:00
app_store,ie,14201347109,I 🩷Taylor Swift,5,Waaay better than Apple Music,It is easy to use and I love the way it is organised and gives you updates of everything from new music videos to new songs from our favourite singer (Taylor Swift),9.1.58,2026-06-19T06:46:35-07:00
app_store,ie,14198651546,Sup17374,5,Hiw good it is,Spotify is class infinite options of music,9.1.56,2026-06-18T13:07:18-07:00
app_store,ie,14197753311,PEARL ￼￼￼,5,"Such a wonderful app really helped out with everything, music","It’s a really really good way to connect to beautiful songs wonderful memories to share favourite songs with others and it’s user-friendly. I figured it out as a non-reader I’m dyslexic and I can’t read at all and this app still allowed me to use it perfectly. Thank you, Spotify",9.1.56,2026-06-18T08:24:46-07:00
app_store,ie,14197650574,DC1234567890gfgydyrfyfjhcrtj,1,DC,Israeli backers. F them.,9.1.56,2026-06-18T07:55:48-07:00
app_store,ie,14197556171,Bless Reach,3,Expensive,It's expensive,9.1.56,2026-06-18T07:28:56-07:00
app_store,ie,14196644782,Ellenm2012,3,Advertisement,Adds are wayyy to often they aren’t even good ones they are annoying,9.1.56,2026-06-18T02:17:36-07:00
app_store,ie,14195804780,Slyjeff83,4,Review,The price has gone up way too much I can just about afford it if it keeps going up I may have to let it go and try something else,9.1.56,2026-06-17T19:54:43-07:00
app_store,ie,14194664977,A03P03D14,5,Good,Good,9.1.56,2026-06-17T12:38:29-07:00
app_store,ie,14192300422,PR1970Skid,5,Music Mix,Loving the playlist,9.1.56,2026-06-16T23:02:04-07:00
app_store,ie,14191515018,Luke Henshaw 2012,5,Spotify,Absolutely the best app ever,9.1.56,2026-06-16T17:37:45-07:00
app_store,ie,14190143864,XXXSuperSonic,5,I can see why it is famous,Literally ANY Song Writer Willing to Submit Its Work Can just do it! famous Artists are forced tho🤪🤭,9.1.56,2026-06-16T09:43:26-07:00
app_store,ie,14189768531,Hornymeff,1,.,My spotify crashed,9.1.56,2026-06-16T07:51:09-07:00
app_store,ie,14187833600,Daphne Quin,5,Mhm,love. but it would be nice to be able to repeat songs w out premium. spotify pls make it so that like the 6 free skips we get 6 free repeats or sum,9.1.56,2026-06-15T18:52:50-07:00
app_store,ie,14187154850,Clogrennane,5,Golden oldies,"Relaxing as we look out over Dunlaoghaire Harbour, Country songs of the 1950s are a delight",9.1.56,2026-06-15T14:27:38-07:00
app_store,ie,14187062018,Abster2014!,1,Why I Think Spotify is bad,"I personally think Spotify is absolutely terrible, they’re money hungry and treat their non paying users like dirt.",9.1.56,2026-06-15T13:54:42-07:00
app_store,ie,14186956785,Bua192,5,Spotify,I think Spotify is great because it’s great for seeing new songs and hearing them,9.1.56,2026-06-15T13:17:39-07:00
app_store,ie,14186759610,ConorRyanTrahanifuseethishello,3,Too many ads,There are way to many ads unless you have soptify premium,9.1.56,2026-06-15T12:12:02-07:00
app_store,ie,14183481228,Nickysofttouch,3,Grand,Sometimes the song repeat button is active despite I having turned it off. I hate it when it’s changed,9.1.50,2026-06-14T15:46:27-07:00
app_store,ie,14182793590,3hshgshs,5,Review queen,It’s good,9.1.50,2026-06-14T11:42:05-07:00
app_store,ie,14181447689,Good.very,5,Good.,"Pretty good.
Really good.
AWESOMEMLY GOOD.",9.1.50,2026-06-14T04:45:36-07:00
app_store,ie,14179558063,lollylawdubbers,5,Still Lovin the App!,"I’m still using all these years. It’s my fav ‘go to’ for party 🎉 compilation’s, chill times, all my music 🎶 need’s.
Will always be loyal to this app, ad’s are less intrusive too and less disruptive when enjoying it.
💕",9.1.50,2026-06-13T15:45:39-07:00
app_store,ie,14178936770,Ahaan fav game,5,Why it’s better than YouTube music,It’s better cuz it’s op and u can make playlists,9.1.50,2026-06-13T12:00:27-07:00
app_store,ie,14178691226,Shane  B,1,Mr,I signed up for premium but yet still not on it gave my card details too,9.1.50,2026-06-13T10:39:41-07:00
app_store,ie,14175087190,SamboGamer,5,Great music it knows what I like,Super service,9.1.50,2026-06-12T12:33:43-07:00
app_store,ie,14173997551,Baisnfnd,5,Give me premium pls,Pls,9.1.50,2026-06-12T07:12:37-07:00
app_store,ie,14173791062,Emerj7,5,Lush life,Love lush life,9.1.50,2026-06-12T06:15:24-07:00
app_store,ie,14173317872,adam13477,5,Review,I like it,9.1.50,2026-06-12T03:36:18-07:00
app_store,ie,14171658383,E.fla,2,The cost,"The cost of Spotify is getting ridiculous

€20 a month to basically play the same 100 tunes. It’s time to switch off I think",9.1.50,2026-06-11T15:39:49-07:00
app_store,ie,14171519774,Caoimhe gleeson,5,This app,I love music and thanks to this app I get to listen to it all the time. :D,9.1.50,2026-06-11T14:44:53-07:00
app_store,ie,14169316594,Woodsy Bridge,2,App icon,"Get rid of that god awful disco ball, do that and it’s 5 stars, premium is recommended as it’s just brilliant.",9.1.48,2026-06-11T03:05:08-07:00
app_store,ie,14168890350,Deco@105252100,1,Please get rid of this logo,.,9.1.48,2026-06-10T23:50:09-07:00
app_store,ie,14167462312,Grem—,5,Just download,There’s no one who doesn’t have this,9.1.48,2026-06-10T13:50:42-07:00
app_store,ie,14167190269,Jimmy24687,4,Cool,There is music,9.1.48,2026-06-10T12:16:08-07:00
app_store,ie,14166466950,Cake_14153,5,My,I like music Ty,9.1.48,2026-06-10T08:29:02-07:00
app_store,ie,14165783876,Basitoo9,1,Email bugs,I cant change my email,9.1.48,2026-06-10T05:04:18-07:00
app_store,ie,14165234656,John Applerot,1,Extremely slow,"Spotify is sold as a efficient music player. Right now Spotify takes ages to load songs, search, etc... It's unusable, ironically it's faster to search to and load my songs on Tidal, which is a service that uses way more network than usual.",9.1.48,2026-06-10T01:23:47-07:00
app_store,ie,14163427584,The musical movie guy,5,Selection,"I get most of my music tips from YouTube and TV and they have a great selection for musicals and the background music they put in YouTube shorts the ads are annoying which is why I’m giving a four star rate but it’s the best they can do while making it free, so actually I’m changing it to 5",9.1.48,2026-06-09T12:47:41-07:00
app_store,ie,14161528543,.🎅,4,Spotify,Spotify premium is a scam but I still enjoy the music without the adds but adds are very annoying,9.1.48,2026-06-09T02:27:31-07:00
app_store,ie,14161268169,The silly Bob,5,Best,Has all the best songs on the web,9.1.48,2026-06-09T00:26:32-07:00
app_store,ie,14159571938,Mr.Mango123,3,Alright,Generally pretty happy with the amount of music on the platform but it’s hard to find new music unless you already know a title and are just searching for it or if an artist you follow has a new release. The custom playlists it makes you often have songs with mislabeled genres and mostly play songs you already liked,9.1.48,2026-06-08T12:49:17-07:00
app_store,ie,14159397087,Tadhg OL,5,The best,Best app I’ve ever used,9.1.48,2026-06-08T11:50:49-07:00
app_store,ie,14159296201,Sheilinah,5,.,Gooodddd,9.1.48,2026-06-08T11:17:30-07:00
app_store,ie,14158492782,Dublin-lover,5,Peak,Amazing app,9.1.48,2026-06-08T07:10:06-07:00
app_store,ie,14156286580,vibbow,1,The new icon is terrible,The new icon is terrible,9.1.48,2026-06-07T15:55:42-07:00
app_store,ie,14154327242,Rj and I Breien,5,Give me free Spotify premium for live 🤞please,Give me free Spotify premium for live 🤞please,9.1.48,2026-06-07T05:09:19-07:00
app_store,ie,14154163058,Cubi4 54,5,Value for money,"When I needed to restrict my budget I unsubscribed from various other apps as Spotify could cover music, podcasts and audiobooks all in once place for a minimum price",9.1.48,2026-06-07T04:10:47-07:00
app_store,ie,14151400814,GOJOSleftnutsack,5,Spotify premium,"while listening to mommy ASMR, you got no ads for three months to be honest that’s pretty good gang",9.1.48,2026-06-06T09:55:04-07:00
app_store,ie,14150460277,DJ Ted Cho,5,River,AMAZING,9.1.48,2026-06-06T05:14:09-07:00
app_store,ph,14203644824,GaryDavid2025,5,Yup,"Spotify works me, music in my pocket.. allows me to explore new music.. I like the information that is available about the artists..

One small issue I have is territorial licensing where some tracks on an album or an album is unavailable to
Play due to licensing issues.. frustrating and sometimes annoying with no way of chasing it along .. so we are at 9/10",9.1.58,2026-06-19T19:59:05-07:00
app_store,ph,14203464779,alight motion glazer🤤,4,cool,"PEAKPEAKEPAK
 but ai songs taking over😓😓",9.1.58,2026-06-19T18:48:57-07:00
app_store,ph,14203402515,D☆mdom꫞,4,I still can't see it,So I left a review yesterday and I already updated it and I still can't see the video version. So in the next update can u fix this. And I'm really serious about this. And ( ͡° ͜ʖ ͡°)ᵇᵗʷ I love this app. Plz fix this.,9.1.58,2026-06-19T18:25:34-07:00
app_store,ph,14203322738,Optimus Pong,5,Excellent audio,Quality Audio,9.1.58,2026-06-19T17:54:36-07:00
app_store,ph,14202848497,mlazatin,5,Icon,Thank you for bringing back the classic icon. The previous one that looked like a disco ball was a mess. Why did management approve that?,9.1.58,2026-06-19T14:47:44-07:00
app_store,ph,14200691554,Kriscomendador,5,Best app,The best app to use for updated music,9.1.58,2026-06-19T03:04:20-07:00
app_store,ph,14200322566,HrznRed00,5,good,good,9.1.56,2026-06-19T00:20:47-07:00
app_store,ph,14199891988,daniel lab,5,Perfect stars,Love spotify to my core,9.1.56,2026-06-18T21:09:10-07:00
app_store,ph,14199845428,Jesus--lovee,4,So do,Do eh CB Trudy to,9.1.56,2026-06-18T20:48:52-07:00
app_store,ph,14199819980,Keju gaming,5,Kpostify,I like the songs vibe relaxing,9.1.56,2026-06-18T20:38:02-07:00
app_store,ph,14199464385,apepsdatwanadiefornurison,3,WHY U CHANGE THE GLITTERING ICON WTFF!???,I LOVED THAT ICON GNG..  DONT LISTEN TO HATERS ITS FANTASTIC AND ITS FUTURISTIC AND DIFFERENT FROM OTHER APPS BRUH I GOT SO EXITED WHEN I SAW THAT DISCO ICON😓😓😓😓😓😭😭😭😭,9.1.56,2026-06-18T18:17:46-07:00
app_store,ph,14199403944,***Chin,5,Every day spotify,"I love how you really worked through the algorithm of songs! The vibe is always spot on, all I have to do is to pick the first song and you’ll handle the rest. ✨ Awesome job spotify team 🙌",9.1.56,2026-06-18T17:54:37-07:00
app_store,ph,14199230941,Ilostfivetimesbecauseoffknglag,1,Offline song,Cannot play even I have premium account,9.1.56,2026-06-18T16:47:47-07:00
app_store,ph,14198131087,Elsarap,1,BRING BACK THE DISCO BALL,WHY DID YOU CHANGE THE DISCOBALL!!!!,9.1.56,2026-06-18T10:16:09-07:00
app_store,ph,14198073027,almudznitanhaji,5,goods,goodss,9.1.56,2026-06-18T09:58:17-07:00
app_store,ph,14197951462,Jammilogy,3,Lyrics background colors,"Please make the colors of the background of the lyrics neutral to the eyes, it is so hard to see when reading it. Especially if it is red!",9.1.56,2026-06-18T09:21:58-07:00
app_store,ph,14197571041,Steelarm21,5,5,5,9.1.56,2026-06-18T07:33:13-07:00
app_store,ph,14197543811,Spotifyfreak12335)(,5,D beeest!!!,The beat music app ever,9.1.56,2026-06-18T07:25:23-07:00
app_store,ph,14197470837,dammn!,5,gusto ko sakin ka lang,good,9.1.56,2026-06-18T07:04:34-07:00
app_store,ph,14195665117,ConanGray Enthusiasts,4,Message,Please add a sign where we can see if the person already seen the message we sent and where we can see if they were typing something,9.1.56,2026-06-17T18:58:53-07:00
app_store,ph,14193845432,DivergeFromConverge!,2,Would have been 5 stars but too many gripes! 🤬😡,"I don't like how the music I want aren't all available. I am literally paying for the service!  It is not a premium experience! It doesn't help that you insist on sneaking into my playlist trash that I hate. I made a playlist for a reason. Keep your mumble rap to yourselves. 😡🤬 You are really no better than Apple Music! Youtube Music was tolerable but tjey got greedy and can barely manage their app and now thry bombard me with trash ads! you hate piracy, but you are part of the problem being among the reasons that ruin the  user experience! 😡🤬",9.1.56,2026-06-17T08:26:30-07:00
app_store,ph,14193232792,ghareax,5,Soft music,Very relaxing,9.1.56,2026-06-17T05:26:04-07:00
app_store,ph,14192156487,bhysrt,5,✨,I love using Spotify because it gives me access to all my favorite songs and podcasts in one place. The personalized playlists and recommendations make it easy to discover new music.,9.1.56,2026-06-16T21:55:40-07:00
app_store,ph,14192136832,ARTPOPPERS,1,AUTOMIX,automix is not working inaccurate bpm and camelot keys,9.1.56,2026-06-16T21:46:54-07:00
app_store,ph,14192119600,Tinsefarable,5,Heaven sent!,The most convenient music app ever existed! Everything I need is in this app. No regrets!,9.1.56,2026-06-16T21:39:18-07:00
app_store,ph,14191950535,RC VILLANUEVA,5,GREAT CHOICE FOR A MUSIC APP,Who doesn’t like spotify? Of course you have to pay for monthly subscriptions but I guarantee that it is worth for the price.,9.1.56,2026-06-16T20:25:43-07:00
app_store,ph,14189736566,Ah kainis,1,Paki ayos app nyo po,Antagal ko na nag Spotify pero this time nag error😭 sayang premium ano ba,9.1.56,2026-06-16T07:41:46-07:00
app_store,ph,14189628526,Rosalyne_,1,Out of the blue,This app is no longer working on my iPad even though I rarely open it. I tried it on my phone thinking it was a glitch and it works perfectly fine on my phone. I have no absolutely idea why they stopped working.,9.1.56,2026-06-16T07:09:53-07:00
app_store,ph,14189600122,Macharite,5,The Best One,Been on this APP since 2013 and they deliver always.,9.1.56,2026-06-16T07:01:30-07:00
app_store,ph,14189592219,-bRidg3t-,5,THE BEST MUSIC PLAYER,"Comparing it to different music players, this is the best and have been using this for a decade now🤩",9.1.56,2026-06-16T06:59:08-07:00
app_store,ph,14187725340,Mage Ona,5,Perfect music app,Big thank you to the creators for building Spotify,9.1.56,2026-06-15T18:10:09-07:00
app_store,ph,14186282281,calisumm,5,Great Music App,Spotify has a huge collection of songs and playlists. The sound quality and recommendations are really good.,9.1.56,2026-06-15T09:42:54-07:00
app_store,ph,14185736276,air@23,5,My go-to music streaming platform,Spotify is my go-to music streaming platform. I love its personalized playlists and extensive music library that helps me discover new artists and songs. The app is easy to use and provides a great listening experience.,9.1.56,2026-06-15T07:03:35-07:00
app_store,ph,14185062474,Dzheyehmn,1,Slow,Spotify takes a ton of minutes just to completely become useful. Songs are also buffering consistently even i have a stable networ. It only happens on my ipad,9.1.56,2026-06-15T03:16:54-07:00
app_store,ph,14185024444,RjO-90,3,Ai songs missing,Some ai generated songs were missing and those were good. Lol,9.1.56,2026-06-15T03:00:51-07:00
app_store,ph,14184869420,KSISHSHSJ,1,Greed,Spotify why are you greedy what do you mean i have to unlock premium? Im not paying for every month.,9.1.56,2026-06-15T01:51:55-07:00
app_store,ph,14184259595,Quote-ing,5,Music,Spotify is unmatched when it comes to music discovery. Its recommendation algorithm is incredibly smart.,9.1.50,2026-06-14T21:04:10-07:00
app_store,ph,14184164473,sophiscrams,5,wow,amazing,9.1.50,2026-06-14T20:22:12-07:00
app_store,ph,14184117716,Ymmhannn,5,Migs,A very relaxing to listen music without adds,9.1.50,2026-06-14T20:02:06-07:00
app_store,ph,14181642363,Kloe Keyk,2,Suggestion,Add personalized advertisements 🙂,9.1.50,2026-06-14T05:52:39-07:00
app_store,ph,14181029419,justine20p4,5,new on Spotify,I’m new user and I love it,9.1.50,2026-06-14T01:57:22-07:00
app_store,ph,14180844999,deew 🦊,1,full screen view !,"I’d love a true full-screen Now Playing view. Bigger album artwork and a cleaner, less crowded interface would make the listening experience feel a lot more immersive. Apple Music does this really well, and it would be amazing to see Spotify take a similar approach.",9.1.50,2026-06-14T00:39:24-07:00
app_store,ph,14180468669,Average|me,3,Same same,"Finally, disco ball is out. Same song recommendation, different playlist name. How about, recommendations based on same genre in different generation.",9.1.50,2026-06-13T21:53:13-07:00
app_store,ph,14179786356,Yaganam fame,5,Spotify,Five stars cause its comforting my vibe!! But sometimes theres an advertisement but its fine you can use premium so no adds can disturb you<3,9.1.50,2026-06-13T17:16:19-07:00
app_store,ph,14178880495,Kefeejqja,1,Ads every 4 play,Nuyan bold? Unli ads? Lala mo kosa,9.1.50,2026-06-13T11:41:37-07:00
app_store,ph,14178179653,marmarrqt,5,hapyspotify,spotify app is fabulous,9.1.50,2026-06-13T08:04:43-07:00
app_store,ph,14178116223,huya—-,5,can give me 3 months premium?,thanks you!,9.1.50,2026-06-13T07:46:21-07:00
app_store,ph,14177781444,Terrence brylle Ortega,5,This is so good am I music so great and relaxing and good!!!!!!!!!🤩,"Nice work
Work",9.1.50,2026-06-13T06:07:34-07:00
app_store,ph,14177155617,Elisha_3V4D3S,5,Nice,Calming,9.1.50,2026-06-13T02:22:09-07:00
app_store,ph,14176554436,Jenjca,5,Review,"Keep it up, Spotify! 👌",9.1.50,2026-06-12T22:05:11-07:00
app_store,sg,14202088823,theguywhosnotnormal,1,Not even recommended,"Too much ads, limit on how much songs you can choose, even can’t play songs in order",9.1.58,2026-06-19T10:25:26-07:00
app_store,sg,14201541306,Mrpeeyopants,5,Cool,Music is very cool and good quality,9.1.58,2026-06-19T07:42:26-07:00
app_store,sg,14200319508,Don’t find my identity,3,Premium,It has been to social media and gaming.,9.1.56,2026-06-19T00:19:25-07:00
app_store,sg,14198001382,ASTAAR_BANDA,1,Sorry,"I accidentally it 1 
star.Im sorry :(",9.1.56,2026-06-18T09:36:43-07:00
app_store,sg,14197625070,Joehn tan,5,I love Spotify,I like Spotify.It is for free and has a wild selection of songs.,9.1.56,2026-06-18T07:48:32-07:00
app_store,sg,14196949691,Girl hogg,5,My opinion,"I wanted other apps to listen to, but when I opened my iPad I had the app. I was so happy and I was able to listen to music instantly. I would highly recommend getting this app.",9.1.56,2026-06-18T04:19:39-07:00
app_store,sg,14194403801,Amelia ong rui en,4,Text,So  sometimes when i text people on spotify the message will not go through. And i have to restart my WHOLE phone just to get the message through 😬,9.1.56,2026-06-17T11:13:49-07:00
app_store,sg,14192984364,Hallo musical,5,My dream,"I’ve used it for nearly 6 years and Spotify was been with me through the thick and thin, overseas and into my exam periods. If you’re looking for a great and reliable music app— Spotify’s your go",9.1.56,2026-06-17T04:02:13-07:00
app_store,sg,14191655886,reen.,5,A go to entertainment,Always be ready whenever I go and also to keep everyone entertained even my baby. From spiritual and to songs.,9.1.56,2026-06-16T18:30:19-07:00
app_store,sg,14189676790,Om Uttarwar,5,Best App ever,"I was using Spotify since 4-5 years and I am loving it.🥳💝
Thank you Spotify to suggesting me such a beautiful songs ❣️🎉",9.1.56,2026-06-16T07:24:10-07:00
app_store,sg,14189661335,Couzzie75,1,Cannot log in,The app got stuck,9.1.56,2026-06-16T07:19:37-07:00
app_store,sg,14188159460,great the good,5,Spotify,The goat,9.1.56,2026-06-15T21:10:46-07:00
app_store,sg,14185050497,Suraj ravidas,5,Suraj das,Add so boring so please add remove right now,9.1.56,2026-06-15T03:11:54-07:00
app_store,sg,14182636399,chaudharyAloksingh,5,A loser’s pov,"I love melancholy, it serves its purpose very well.",9.1.50,2026-06-14T10:53:04-07:00
app_store,sg,14182373240,NAMARAVAN,5,X,Wow,9.1.50,2026-06-14T09:32:29-07:00
app_store,sg,14181662316,Uaena98,5,IU,Thank you for having IU's songs.,9.1.50,2026-06-14T05:59:04-07:00
app_store,sg,14181516599,Anonymous_player:3,2,It’s sexist,It assumed my gender and recommended me a male out playlist as well as whatever mommy asmr is the cover page was Sus and I felt really uncomfortable btw I listen mostly to pop songs,9.1.50,2026-06-14T05:10:12-07:00
app_store,sg,14181466202,Gang3630,5,Spotify,Its fabulous vibe songs without ads 100%safe,9.1.50,2026-06-14T04:52:21-07:00
app_store,sg,14181408003,~스텔라~,5,𝚆𝚑𝚢 𝚂𝚙𝚘𝚝𝚒𝚏𝚢 𝚒𝚜 𝚐𝚘𝚘𝚍,𝙸𝚗 𝚖𝚢 𝚘𝚙𝚒𝚗𝚒𝚘𝚗 𝚂𝚙𝚘𝚝𝚒𝚏𝚢 𝚒𝚜 𝚝𝚑𝚎 𝚋𝚎𝚜𝚝 𝚝𝚘 𝚕𝚒𝚜𝚝𝚎𝚗 𝚜𝚘𝚗𝚐𝚜,9.1.50,2026-06-14T04:30:51-07:00
app_store,sg,14180800896,Yuvraj @ee,5,Healing,Healing’s app,9.1.50,2026-06-14T00:20:16-07:00
app_store,sg,14180734830,Cottagemill,4,Great music App,"Love it, especially with lyrics.  Better if lyrics can syn when singer is singing 👍🏻",9.1.50,2026-06-13T23:51:28-07:00
app_store,sg,14178842381,naingwinni,5,Great,Excellent,9.1.50,2026-06-13T11:28:49-07:00
app_store,sg,14178597898,osnapitsclari,5,why i like spotify,it is my therapy and its so slay,9.1.50,2026-06-13T10:10:12-07:00
app_store,sg,14178467575,Tb-etrn,1,Adds,Adds should be there but this much and for ragebating us muka and vid mate are better,9.1.50,2026-06-13T09:30:05-07:00
app_store,sg,14178324418,Mee_26_🥂,5,Best songs,I like most spotify,9.1.50,2026-06-13T08:47:24-07:00
app_store,sg,14177889008,Raghav2101,5,S,It is the best app ever!!!,9.1.50,2026-06-13T06:40:06-07:00
app_store,sg,14177793731,Kasuntha Bandara,5,Good,best performance app and verry smooth,9.1.50,2026-06-13T06:11:20-07:00
app_store,sg,14176920999,Brigganda,5,Hello spotify,Anh tôi hơi nhiều quảng cáo nhm cx đẳng cấp phết,9.1.50,2026-06-13T00:43:39-07:00
app_store,sg,14176686616,AngelAce99,4,Can’t rearrange songs titles in playlist,"After updating the software, we cannot access the sort function to rearrange the song titles from A-Z, recently added and etc👎🏻",9.1.50,2026-06-12T23:02:44-07:00
app_store,sg,14176417239,AD82d,5,Sing along,"Best part is displaying lyrics and we can sing along. I request to add lyrics for entire list, all genres.",9.1.50,2026-06-12T21:04:41-07:00
app_store,sg,14175974684,Eb_007,5,Good,Excellent,9.1.50,2026-06-12T18:09:22-07:00
app_store,sg,14174734872,Ronaldo top1 VN,1,App như cc,Nghe 2 bài qc hơn 1p clmm sờ pót ti phai,9.1.50,2026-06-12T10:39:43-07:00
app_store,sg,14174377459,Jmal485757,4,Must pay for experience,must have premium for spotify to be spotify,9.1.50,2026-06-12T08:53:17-07:00
app_store,sg,14173937058,Teestan28,5,From Tristan,It’s very smooth sailing.⭐️⭐️⭐️⭐️⭐️,9.1.50,2026-06-12T06:57:06-07:00
app_store,sg,14173452069,Hdhdhdgagfyhsavbd,1,Expensive,Charge a lot of money but no improvement,9.1.50,2026-06-12T04:25:45-07:00
app_store,sg,14173024400,Tiggerwyi,1,Queue cleared and not updated,Queue not updated and reset to previous queue. Occasionally the whole damn queue was cleared.,9.1.50,2026-06-12T01:31:12-07:00
app_store,sg,14172710188,Gopu kr,1,Problem,"My spotify’s premium is bot working
I tried to buy premium but i cant. That time i try some words are displaying in my screen that is All your subscription proceedures are haldled through your spotify account  out side the app",9.1.50,2026-06-11T23:04:54-07:00
app_store,sg,14170265762,Id3a,1,Inflexibility,Latest monthly fee couldn’t be refunded though I request to cancel it within a week.,9.1.48,2026-06-11T08:12:55-07:00
app_store,sg,14170056717,Manjeet Koli,3,Short,2,9.1.48,2026-06-11T07:12:22-07:00
app_store,sg,14169820895,sigmaninja 362,5,Nice,Super,9.1.48,2026-06-11T06:02:08-07:00
app_store,sg,14169425948,ARJ4JC,5,Copines,Love it,9.1.48,2026-06-11T03:48:34-07:00
app_store,sg,14169380956,Jovan Giam,5,Best,Best music listening platform ever,9.1.48,2026-06-11T03:31:12-07:00
app_store,sg,14168748864,Raindie1977,1,My comment,Good app but too many ads. Wasnt even 30 mins till i got 3 ads in a row. 2 songs ltr and i get an ad!!!,9.1.48,2026-06-10T22:43:11-07:00
app_store,sg,14168293133,放弃等待,5,很多歌都是我喜欢的,如果可以加入铃声就更棒！,9.1.48,2026-06-10T19:20:01-07:00
app_store,sg,14166358260,LKMx3,1,Ugly new disco ball icon,Please bring back the old Spotify iOS icon. The new icon does not match the aesthetic of iOS and sticks out like a sore thumb.,9.1.48,2026-06-10T07:57:21-07:00
app_store,sg,14165994287,Eloise Ang,2,It’s ok,Why can’t I play my own songs without having Spotify premium,9.1.48,2026-06-10T06:10:42-07:00
app_store,sg,14165580826,Angel good luck,5,这个月你还要给人家吗？,真棒呀,9.1.48,2026-06-10T03:53:14-07:00
app_store,sg,14165333025,Kylo kudo,5,love it,"best music app i ever downloaded 👍👍 however i really prefer the old icon but other then that , it’s great !!👌🏻👌🏻",9.1.48,2026-06-10T02:09:26-07:00
app_store,sg,14165123492,Add provoke,3,There are so many add,"There areso many adds while listening to songs which provoke us to buy premium and is quite irritating, please lower add quantity.",9.1.48,2026-06-10T00:31:25-07:00
app_store,sg,14164816267,belleeeeeeeee:),1,.,used to be able to choose songs even without premium but now I can’t fix it again,9.1.48,2026-06-09T22:06:15-07:00
app_store,my,14203654454,BP_Ong,5,New happiness,Songs and music,9.1.58,2026-06-19T20:02:49-07:00
app_store,my,14203363380,Eija hassan,5,Honest review,"Contain a lots of music genre and vibes , easily search and  play random song also can make a playlist of our favourite song. Love this app so much !",9.1.58,2026-06-19T18:10:25-07:00
app_store,my,14203191628,avcleopatra,5,friend in need,my spotify playlist was there for 2 of my worst breakup💪🏻 i think i would cry even harder if spotify stop operating and i’d lose my playlist😔💔istg fr,9.1.58,2026-06-19T17:03:21-07:00
app_store,my,14202627464,cruch santero,5,spotify,sebab crush ade album so selalu dengar lagu dia and okay je hehe,9.1.58,2026-06-19T13:25:42-07:00
app_store,my,14202401023,panda2you,5,lyrics on lock screen,"hopefully spotify can show lyrics at locked screen display, it will be very very very nice, floating lyrics on lockscreen, im sure a lot of people will download this app, and share on social media platforms, because people nowadays like to show what songs they heard, and nowadays FOMO (fear of missing out) issa normal ways to viral.. Spotify can be really really hype music platforms 🔥🔥🔥🤟🏻 (it’s okay to able floating lyrics on lockscreen for spotify premium) we will pay for it !! 🤪",9.1.58,2026-06-19T12:07:23-07:00
app_store,my,14201209445,AshrafAO,5,The Spotify Glamour,Good App to be honest.,9.1.58,2026-06-19T06:05:14-07:00
app_store,my,14200805117,ammar joker,3,Asyik asyik ads,Puih,9.1.58,2026-06-19T03:49:25-07:00
app_store,my,14200412313,hahahajsdg,5,BEST,I LOVEEEEEE ALL FEATURES,9.1.56,2026-06-19T01:01:25-07:00
app_store,my,14200362458,norhamzi,5,Terbaik,Syok oooo,9.1.56,2026-06-19T00:38:50-07:00
app_store,my,14200319113,Fudail Azhar,5,Spotify,Best,9.1.56,2026-06-19T00:19:15-07:00
app_store,my,14199815102,alyiasazwana,5,review,Outstanding music streaming service with a huge library and personalized recommendations. Great audio quality and user experience.,9.1.56,2026-06-18T20:35:59-07:00
app_store,my,14199302386,Ms.Merican,5,Music All Day Long,Can’t go a day without music. Spotify knows my vibe better than i do. Kept my playlist on repeat,9.1.56,2026-06-18T17:15:45-07:00
app_store,my,14197484408,Meow2_August,1,Icon,Change back to disco Icon!!!!!!!!,9.1.56,2026-06-18T07:08:24-07:00
app_store,my,14197200948,Aasyiqin,5,Spotify Highly Recommended,"⭐⭐⭐⭐⭐ Highly recommended!

Great experience using Spotify. The music streaming is smooth, the sound quality is excellent, and the app makes it easy to discover new songs, playlists, and podcasts. Everything is well organized and works perfectly across devices. Very satisfied overall—definitely recommended for any music lover!",9.1.56,2026-06-18T05:43:35-07:00
app_store,my,14197198042,Haikalniboss,5,Nice,Good,9.1.56,2026-06-18T05:42:38-07:00
app_store,my,14196282476,Sir.Sakamadik,5,Daniel Caesar,Sensational,9.1.56,2026-06-17T23:31:03-07:00
app_store,my,14196278913,liliaalina,5,spotify,spotify mudah digunakan dan banyak lagu yang menarik untuk dengar muzik setiap masa,9.1.56,2026-06-17T23:29:21-07:00
app_store,my,14195660452,jyustvr,5,premium user,i love how if we shuffle the song it would recommend us good song that match to the one we usually hear so by that my songs in playlist increase and hear a lot more new good music !,9.1.56,2026-06-17T18:57:02-07:00
app_store,my,14194827955,adifsyafiq,2,iklan,too many iklan laa kalau boleh kurang kan sikit jdi mcm dlu balik,9.1.56,2026-06-17T13:34:31-07:00
app_store,my,14193485360,AZZILAZEELA,5,MUSIK,saya suka apps ni sebab mudah mendengar muzik yang terkini,9.1.56,2026-06-17T06:42:27-07:00
app_store,my,14192937971,Rafeefan,5,It good,5satr,9.1.56,2026-06-17T03:44:52-07:00
app_store,my,14192718832,jsbsisbdgusnd,5,Reviews,"""Spotify is an amazing music app with a huge collection of songs and podcasts. The sound quality is excellent and the recommendations are always accurate. Highly recommended!""",9.1.56,2026-06-17T02:14:16-07:00
app_store,my,14192325350,mirazha,5,review apps,An excellent music app with a huge selection of songs and podcasts. The sound quality and recommendations are fantastic.,9.1.56,2026-06-16T23:13:39-07:00
app_store,my,14192321992,fikryothman,5,Ok,Mantap,9.1.56,2026-06-16T23:12:05-07:00
app_store,my,14192229057,qelsy,5,The Ultimate Music Streaming Experience,"Spotify is an exceptional music streaming platform that offers a vast library of songs, podcasts, and audiobooks to suit every taste and preference. The app is easy to navigate, provides personalised playlists and recommendations, and makes discovering new music effortless. I particularly enjoy features such as offline listening, curated playlists, and seamless integration across multiple devices. The sound quality is excellent, and regular updates continue to enhance the overall user experience. Whether for relaxation, studying, exercising, or entertainment, Spotify is a reliable and enjoyable platform that I highly recommend.",9.1.56,2026-06-16T22:28:43-07:00
app_store,my,14192130967,Amirangah99,5,Good,Spotify is very good for listen the music for  stress relief and tranquility.,9.1.56,2026-06-16T21:44:17-07:00
app_store,my,14191798319,Nieyy_.,5,Best ever,"Spotify is an excellent music streaming app with a huge collection of songs and podcasts. The interface is user-friendly, and the personalised playlists make discovering new music enjoyable. It offers a smooth listening experience and great audio quality. Highly recommended for music lovers!",9.1.56,2026-06-16T19:24:21-07:00
app_store,my,14191532398,teh kt,5,Marron 5,Great collection songs,9.1.56,2026-06-16T17:44:18-07:00
app_store,my,14189737767,Efaaaaa97,5,Highly recommended,"Excellent music streaming app. Huge song library, great sound quality, and very easy to use. Highly recommended!",9.1.56,2026-06-16T07:42:07-07:00
app_store,my,14189365979,Guin00000,5,Spofity,"Spotify is an outstanding music streaming app with a huge library of songs, podcasts, and playlists for every mood and occasion. The app is easy to use, offers excellent audio quality, and provides personalized recommendations that help users discover new favorites. Whether for music, podcasts, or daily entertainment, Spotify delivers a smooth and enjoyable listening experience. Highly recommended! 🎵🎧🌟👍",9.1.56,2026-06-16T05:49:15-07:00
app_store,my,14189195578,jj.cx,5,Love,Love hearing my daily songs on here. And with the new update i can mix and match the beats which is super cool,9.1.56,2026-06-16T04:53:26-07:00
app_store,my,14188984495,Weiengg,5,Good,Bestt enjoy listening music!,9.1.56,2026-06-16T03:35:29-07:00
app_store,my,14188885840,Surendra 175,5,Al,Wipes,9.1.56,2026-06-16T02:54:34-07:00
app_store,my,14188779830,CahayaTya,5,Music Hub,"Spotify is my favourite music streaming app because it updates new songs and albums very quickly. Whenever an artist releases a new album, it usually becomes available almost immediately for me to listen to. I can easily discover new music, create playlists, and enjoy songs anytime I want. Overall, Spotify is a convenient platform that keeps my music experience fresh and up to date.",9.1.56,2026-06-16T02:06:57-07:00
app_store,my,14188743800,Fardrazak,5,Music Unlimited,"I’ve been using Spotify for a few years, and it’s easily one of my favorite music apps. The app has a huge collection of songs and podcasts, and I love how it recommends music based on my listening habits. Creating playlists is simple, and features like discover weekly help me find new artists and songs that match my vibe and style.",9.1.56,2026-06-16T01:50:12-07:00
app_store,my,14188704200,Raeyyy_,5,Good,"Spotify is an amazing music streaming app with a huge library of songs and podcasts. The personalized playlists and recommendations are always on point. The interface is clean, easy to use, and works smoothly across devices. Highly recommended!",9.1.56,2026-06-16T01:31:30-07:00
app_store,my,14188641963,Syafiqul ikram,5,Music,Great app with a huge music library and personalized recommendations. Easy to discover new songs and podcasts. Worth the subscription,9.1.56,2026-06-16T01:01:56-07:00
app_store,my,14188545089,mvqry,5,⭐️⭐️⭐️⭐️⭐️,"Spotify is one of the most popular music streaming apps in the world, offering millions of songs, podcasts, and playlists in one platform. The app is very easy to use, with a clean interface that allows users to quickly search for music, discover new artists, and create their own playlists.

One of Spotify’s strongest features is its recommendation system. It suggests songs based on your listening habits, which makes discovering new music enjoyable and personalized. The app also supports offline listening for premium users, which is useful when you don’t have internet access.

However, the free version includes ads and some limitations like shuffle-only playback on mobile. Despite that, the audio quality is good and the overall experience is smooth.

Overall, Spotify is an excellent music streaming app for both casual listeners and music lovers.",9.1.56,2026-06-16T00:15:30-07:00
app_store,my,14188490741,Hazimhaha,5,really enjoyed using this app,"Spotify is one of the most popular music streaming platforms, offering millions of songs, podcasts, and audiobooks from creators around the world. The app has a user-friendly interface that makes it easy to discover new music, create playlists, and enjoy personalized recommendations based on listening preferences. Spotify provides high-quality audio streaming and allows users to listen across multiple devices seamlessly. Features such as offline downloads, curated playlists, and podcast integration enhance the overall experience. Overall, Spotify is an excellent platform for music and audio entertainment, providing convenience, variety, and a personalized listening experience",9.1.56,2026-06-15T23:49:26-07:00
app_store,my,14188457301,lukewarmdavid,5,Excellent Music Streaming App!,"Spotify has completely changed the way I discover and enjoy music. The recommendations are always spot on, the app is easy to use, and the audio quality is excellent. Whether I'm working, driving, or relaxing, Spotify always has the perfect soundtrack. Highly recommended!",9.1.56,2026-06-15T23:33:07-07:00
app_store,my,14188436888,Youducks,5,BEST MUSIC APP,Totally the best music app ever!,9.1.56,2026-06-15T23:23:13-07:00
app_store,my,14188435822,Roxxane Wong,5,Spotify,All the songs are so goodddd,9.1.56,2026-06-15T23:22:41-07:00
app_store,my,14188388680,hashimhysan,5,Biar bulan berbicara,Excellent,9.1.56,2026-06-15T22:59:47-07:00
app_store,my,14188081139,Nadiazara,5,spotify app why no disco i dun like this old widget,pls changed it to disco widget again!,9.1.56,2026-06-15T20:35:17-07:00
app_store,my,14188068148,Memory videos,4,Lyrics,Some songs don’t have lyrics,9.1.56,2026-06-15T20:29:28-07:00
app_store,my,14187561471,FenFei_S,5,.,"The app is good, but the new logo is ugly.",9.1.56,2026-06-15T17:05:46-07:00
app_store,my,14185528523,Iammreijoe,5,Appreciation,Very nice apps. got me incredibly happy enjoying music,9.1.56,2026-06-15T06:00:58-07:00
app_store,my,14185493545,Tungtungtungsahurooooo,5,love it,love it,9.1.56,2026-06-15T05:50:00-07:00
app_store,my,14185127025,reez ⋆ʚ✧ɞ⋆,4,broke person problem,idk what to say but i hate sometimes i was broke and can’t afford premium THERES NO PEACE IN MY PLAYLIST BRUH,9.1.56,2026-06-15T03:42:54-07:00
app_store,my,14184969317,Elroy lee,5,good,好,9.1.56,2026-06-15T02:37:04-07:00
app_store,vn,14203287242,Phu PH,5,"An excellent app for enjoying music anytime, anywhere",A popular app should have,9.1.58,2026-06-19T17:40:29-07:00
app_store,vn,14203154049,Viết Bạch,5,Rất tốt,Có nhiều dòng nhạc để chọn lựu,9.1.58,2026-06-19T16:48:20-07:00
app_store,vn,14202820494,Cc3mmb,1,Chê,Ứng dụng càng ngày càng nhảm đăng nhập còn phải kiểm tra là người nữa mà tới lúc kiểm tra thì kiếm nút kiểm tra thì kh có,9.1.58,2026-06-19T14:37:03-07:00
app_store,vn,14202720307,đẩy tỉnh thử thách,3,K mua premium quảng cáo quá nhiều,"phân biệt ng mua premium và k mua
người ta cx mất công tải để nghe nhạc cơ mà",9.1.58,2026-06-19T13:59:48-07:00
app_store,vn,14202233294,Thiên đường nhạc,5,Good,"Coi 
free",9.1.58,2026-06-19T11:11:40-07:00
app_store,vn,14201648894,game ngáo đần thối đm,1,tại sao lại không cho chuyển bài khác? với tầm 1-3 bài lại quảng cáo quá tệ.,tệ,9.1.58,2026-06-19T08:13:03-07:00
app_store,vn,14201079481,🥹🥲🥺,1,Nó chán j dâu,Quảng cáo nhiều như ma cứ nghe 1 bài lại 3 quảng cáo??,9.1.58,2026-06-19T05:24:24-07:00
app_store,vn,14200835332,sjhs*uhsja,3,Quá nhiều quảng cáo,Nên cho người dùng tự sắp xếp,9.1.58,2026-06-19T04:00:48-07:00
app_store,vn,14200677165,Dark and lonely,1,Không hài lòng,"Thật sự là không hiểu nổi luôn ý, muốn nghe playlist theo đúng thứ tự bắt nạp xong chọn bài hát mình muốn nghe rồi cứ gợi ý ngẫu nhiên sang bài khác. Muốn nghe bài đó không giới hạn thì cũng lại bắt nạp là sao vậy ạ?? Ứng dụng âm nhạc mà hút máu thế=))?",9.1.58,2026-06-19T02:58:24-07:00
app_store,vn,14200245502,cuteso,5,Ok,Very good,9.1.56,2026-06-18T23:46:17-07:00
app_store,vn,14199964579,jshbha,1,Thật sự không cần!,"Tôi thật sự rất ghét cái tính năng phát bài hát tương tự và các bài hát phát theo thứ tự ngẫu nhiên, không được chọn theo ý mình. Đó là những yêu cầu cơ bản của người dùng, thật sự không hề muốn!
Quảng cáo thật sự rất nhiều",9.1.56,2026-06-18T21:40:57-07:00
app_store,vn,14199917655,pewhu123,1,Trình tự phát nhạc,Tại sao ko thể nghe nhạc theo thứ tự playlist ?,9.1.56,2026-06-18T21:20:17-07:00
app_store,vn,14199724700,hehdhsa,3,Quảng cáo quá nhiều,Quảng cáo quá nhiều,9.1.56,2026-06-18T19:58:47-07:00
app_store,vn,14199296837,Nhunt11,1,Quảng cáo quá nhiều,Phiền,9.1.56,2026-06-18T17:13:37-07:00
app_store,vn,14199077237,Nghia2025,5,🩷Spotify,I love the world of mine in spotify,9.1.56,2026-06-18T15:46:50-07:00
app_store,vn,14198428470,robloc chó,1,như cac,nghe 1 bài quảng cáo 3 lần,9.1.56,2026-06-18T11:51:48-07:00
app_store,vn,14198159101,Nhân dân LGBT,2,Dễ lag,"Cứ có lúc nghe ổn thì lúc sau lại bị lag, ko bt lý do tại sao",9.1.56,2026-06-18T10:24:52-07:00
app_store,vn,14198114402,mọi người lưu ý nha,2,Ai hỏi,App lắm quảng cáo vcl chết đi,9.1.56,2026-06-18T10:10:57-07:00
app_store,vn,14197868368,Nguyễn An dcap,5,chất,hay,9.1.56,2026-06-18T08:57:50-07:00
app_store,vn,14197852870,Blubloable,5,Tốt,Tốt,9.1.56,2026-06-18T08:53:20-07:00
app_store,vn,14197306976,app đểuuuuu,5,Ok,Ok,9.1.56,2026-06-18T06:16:19-07:00
app_store,vn,14197264679,Lea Nguyễn,5,Yeyeyey,Okie,9.1.56,2026-06-18T06:03:20-07:00
app_store,vn,14197075759,Anngobentre,2,Phiên bản mới nhất gặp vài lỗi rất  khó chịu,"Lỗi không tắt nhạc khi đóng ứng dụng, thường xuyên mất kết nối với Web Player.",9.1.56,2026-06-18T05:03:02-07:00
app_store,vn,14197010615,Craig.Vu,5,Quảng cáo nhiều thật,"Tém tém lại. Chất lượng nhạc đa dạng, tốt.",9.1.56,2026-06-18T04:41:05-07:00
app_store,vn,14197009515,……………………………………………………………………P,1,Nhà sáng tạo đói tiền lắm à,"Mỗi lần chọn nhạc là cứ bị ứng dụng ép bắt mua premium, quảng cáo chưa đủ hay nhà phát hành đói tiền quá rồi vậy, giờ vừa phải coi quảng cáo vừa ko nghe được bài mình muốn. Dịch vụ quá tệ.",9.1.56,2026-06-18T04:40:42-07:00
app_store,vn,14196732997,Ngân hàng như l,1,App như cc,Như lồn,9.1.56,2026-06-18T02:55:55-07:00
app_store,vn,14196334894,âhhahahhihi,5,hihi,tuyệt vời,9.1.56,2026-06-17T23:55:56-07:00
app_store,vn,14196195096,linh6612,2,Lỗi phát nhạc,"Những bài được liên kết từ tiktok khi phát ở spotify đều bị vấp, lỗi, không phát được",9.1.56,2026-06-17T22:49:35-07:00
app_store,vn,14195669282,Ldmd97,1,Không đăng nhập được,"Đùa mới đăng kí bản premium cho sđt trên web, rồi lúc đăng nhập lại báo lỗi, không đăng nhập được thì không cho huỷ đăng kí premium cứ thế trừ tiền, thề luôn anh em ai đăng kí bằng thẻ tín dụng thì cẩn thận, giờ mình phải đóng nguyên cái thẻ chỉ để ngăn spotify không thu tiền",9.1.56,2026-06-17T19:00:33-07:00
app_store,vn,14195467093,Con cu chat lgbt,1,Tệ cực,Nghe nhạc trong danh sách phát tự tạo mà cứ nhảy qua mấy bài khác ko có trong danh sách khó chịu vl,9.1.56,2026-06-17T17:40:44-07:00
app_store,vn,14195462976,Flancer Gate,3,OK,Ok,9.1.56,2026-06-17T17:39:05-07:00
app_store,vn,14194460837,PPT ACE,4,Motivation,Push my smooth,9.1.56,2026-06-17T11:32:03-07:00
app_store,vn,14193793181,winteryourhandintheairs,1,Tệ,"App thật sự tệ,mình đã đăng nhập đúng tên tài khoản,email,mật khẩu nhưng lại không vào được tài khoản đó.App nghe thì hay lag,nhiều khi đang nghe còn tự động ngưng,chuyển bài.",9.1.56,2026-06-17T08:11:17-07:00
app_store,vn,14193791673,quá nhiều quảng cáo thật sự,1,Quảng cáo,Quá nhiều quảng cáo,9.1.56,2026-06-17T08:10:51-07:00
app_store,vn,14193746278,Cà Sân,3,I need quality hiress audio,When will Vietnam be able to listen to high-quality music like other regions?,9.1.56,2026-06-17T07:57:44-07:00
app_store,vn,14193709890,Spotify gojo satoru muôn năm,5,Spotify,Rất tuyệt! Spotify muôn năm,9.1.56,2026-06-17T07:47:16-07:00
app_store,vn,14193046058,CR7GOAT$$$,5,hey,hay,9.1.56,2026-06-17T04:24:03-07:00
app_store,vn,14192567558,Hahahahahahahahauhuhuhu,1,Spotify update 2026 thật tệ…,"App ngày càng tệ, sau update mới nhất thì càng ngày càng tham lam và hút máu. Các tính năng nhỏ nhất bây giờ cũng bị giới hạn, phải có premium mới có thể nghe thoải mái. Không biết thế nào, spotify bị gì ấy. Nhiều người có tiền mua ipod về nghe thì không nói còn những người khác thì sao? Tạo ra một cái app âm nhạc mà hút máu. Những năm trước spotify rất tuyệt nhưng năm nay thì lại tham lam kiếm tiền, tăng quảng cáo, tăng giới hạn ép người dùng mua premium. Thật đáng thất vọng. Hằng ngày có cả triệu người nghe vậy mà làm update thế này là biết app banh rồi, tham lam vừa thôi chứ Spotify?",9.1.56,2026-06-17T01:06:15-07:00
app_store,vn,14192439089,Quảng cáo = Cút,1,Hút máu hơn bvs,"Quảng cáo cái mã cha nó thiệt chứ, phát 2-3 bài là quảng cáo",9.1.56,2026-06-17T00:06:59-07:00
app_store,vn,14192334766,Dieeu dptr,3,Lag và qc,"Thề là mở app đợi tải rất lâu, nghe lâu nóng máy vc. Lâu lâu thoát ra app khc còn văng lag đủ kiểu. Quảng cáo thì ko nói tới. Nhm kho nha j nhiều, postcard thì ok",9.1.56,2026-06-16T23:18:02-07:00
app_store,vn,14191916940,khoa(n.a),4,hay,tiện dụng,9.1.56,2026-06-16T20:11:47-07:00
app_store,vn,14191855616,Nala1100,5,Music,Good,9.1.56,2026-06-16T19:47:11-07:00
app_store,vn,14190808102,🐉🐲🐉🐲🐉🐲🐉🐲🐉🐲🐉🐲🐉🐲,3,Đang nghe bị lỗi nghe đc vài giây tự tắt nhạc luôn,Lỗi,9.1.56,2026-06-16T13:15:31-07:00
app_store,vn,14190522117,fmjsh,1,Spotify hay app quảng cáo vậy,Âm lượng quảng cáo còn to hơn nhạc,9.1.56,2026-06-16T11:42:50-07:00
app_store,vn,14190519567,okksjshsbxbx,1,Phiền,nghe đc 2 bài hát thì quảng cáo 4 lần,9.1.56,2026-06-16T11:41:59-07:00
app_store,vn,14189678864,Ghét 13,1,Ghét,"Như bịp nhau, mua premium rồi vẫn có bài ko phát ngoại tuyến được",9.1.56,2026-06-16T07:24:47-07:00
app_store,vn,14189301239,He…..@?,1,Dịch vụ khác quảng cáo,Mình đăng kí sptf premium nhưng vẫn quảng cáo rất nhiều?,9.1.56,2026-06-16T05:28:35-07:00
app_store,vn,14188963537,Lynhlilkk,1,Qc,"Âm thanh chất lượng mọi thứ đều ổn nhưng nhiều quảng cáo quá, mình k đóng tiền để mua bản premium nhưng mà cứ 1-2 bài là lại quảng cáo 1 lần mà tận gần 1 phút. Mong nhà sản xuất hạn chế quảng cáo lại",9.1.56,2026-06-16T03:27:02-07:00
app_store,vn,14188944723,Hung Tran Nguyen,5,Perfect,Ứng dụng hoàn hảo cho âm nhạc,9.1.56,2026-06-16T03:19:20-07:00
app_store,vn,14188811231,Dăngq,1,Scam,Vừa đăng kí premium 3 tháng xog dùng được chưa được 2 tuần hết:),9.1.56,2026-06-16T02:21:19-07:00
app_store,es,14203033779,Laura0501!,5,Lo mejor,Es una app muy chula 5 estrellas,9.1.58,2026-06-19T15:59:58-07:00
app_store,es,14202730389,"..,.?,.",3,Dinero,Muy pocas canciones para elegir en orden sin pagar,9.1.58,2026-06-19T14:03:39-07:00
app_store,es,14202726242,elweird,1,AI embracers,.,9.1.58,2026-06-19T14:02:04-07:00
app_store,es,14202571334,kglzmrnd,4,Mejoras,"Para cuando poder cambiar la velocidad de reproducción y acceso a adelantar 5 o 10 segundos las canciones, como se n YouTube",9.1.58,2026-06-19T13:06:04-07:00
app_store,es,14202328527,Nenito140814,1,Muchos errores,Últimamente ha perdido mucho en calidad y funcionamiento,9.1.58,2026-06-19T11:43:10-07:00
app_store,es,14202090712,neirobox,5,Se hace querer !!,"Intuitivo, facilon",9.1.58,2026-06-19T10:26:02-07:00
app_store,es,14202060617,Aliasssssfjdjfjdjf,5,Modo aleatorio,Que el modo aleatorio sea aleatorio de verdad,9.1.58,2026-06-19T10:16:40-07:00
app_store,es,14201280789,Javicruz77,5,Icono inservible,"Por favor, no más iconos raros",9.1.58,2026-06-19T06:26:48-07:00
app_store,es,14201204692,Adrian López Exposito,1,No me deja iniciar sesión,Derrepente me ha sacado de mi cuenta y no me deja iniciar sesión. Pone que lo vuelva a intentar pero no me deja.,9.1.58,2026-06-19T06:03:49-07:00
app_store,es,14201180720,Hhjgukij,1,Última actualización muchos fallos,"La última actualización no permite escuchar ciertas canciones y en otras se queda parado, tampoco deja buscar nada",9.1.58,2026-06-19T05:56:26-07:00
app_store,es,14201147386,vialopu,3,No funciona,No funciona,9.1.58,2026-06-19T05:46:03-07:00
app_store,es,14201118278,Anónimo0453,1,Vaya aplicacion la peor,Tantos años con ella y ahora resulta que no puedo vincular mi Alexa ya que me pide el premium para poder escuchar la música en mi Alexa,9.1.58,2026-06-19T05:36:50-07:00
app_store,es,14201114379,yo tio yo,2,cada vez te tratan peor si no tienes premium,"que te pongan anuncios lo entiendo, PERO 5 ANUNCIOS SEGUIDOS CADA 10 MINUTOS NO,no puedes nisiqueira elegir que cancion poner I ENCIMA AHORA NI CONECTARME AL GOOGLE HOME ME DEJAN, os estays jugando oyentes, vamos a acavar que sin el premium ni abrir la aplicacion de dejaran, me parece increible y muy excesivo",9.1.58,2026-06-19T05:35:38-07:00
app_store,es,14201100449,mafevi70,1,"No me funciona correctamente, de detiene.","No funciona, al cabo de 5/6 canciones aprox. se detiene y se bloquea(sin sonido, imagen congelada), llevo así ya varios meses. He desinstalado la app y la he vuelto a instalar, pero no se soluciona el problema.",9.1.58,2026-06-19T05:31:10-07:00
app_store,es,14201007608,lupaniagua,3,Retorno poco simple para continuar audiciones del dia anteroir,A veces se echan de menos datos sobre quien interpreta cada instrumento en cada canción.,9.1.58,2026-06-19T05:01:06-07:00
app_store,es,14200712673,Brilsita,5,Bril,Me encanta,9.1.58,2026-06-19T03:12:51-07:00
app_store,es,14200640550,Tocouncoco,1,Anuncios,"Desde cuando tengo que escuchar 5 anuncios para que luego me ponga una canción que nada que ver y más encima luego tengo que escuchar otro anuncio cuando escojo otra canción, de verdad están tan hambreados?🥀",9.1.56,2026-06-19T02:42:47-07:00
app_store,es,14200628757,Maria2013 🩷🩷💙💙,4,4 Estrellas,Porque esta muy bien la app pero tiene muchísimos anuncios y es bastante caro Spotify Premium,9.1.56,2026-06-19T02:37:42-07:00
app_store,es,14200572801,Medinense,5,Maravilloso,Encuentro todo lo que busco y con excelente sonido,9.1.56,2026-06-19T02:13:25-07:00
app_store,es,14200515943,Maitob_,5,No podría vivir sin ella,La mejor app que existe.,9.1.56,2026-06-19T01:48:18-07:00
app_store,es,14200494982,mevacilas,1,Anuncios,Muchos anuncios,9.1.56,2026-06-19T01:38:53-07:00
app_store,es,14200483921,FEXYOL,3,Organización,"Podría
Mejorarse mucho la organización de listas y carpetas 
Y también q se pueda meter a controladoras dj",9.1.56,2026-06-19T01:33:53-07:00
app_store,es,14200192287,Juanajajajsjjsjjsjsbdnbdbd,1,No deja cambiar de cancion,"Solo puedes cambiar de cancion 3 veces, absurdo",9.1.56,2026-06-18T23:22:21-07:00
app_store,es,14200152410,Vinicrates,5,❤️❤️❤️,"Amo esta aplicación, aunque tengas q pagar, pero igualmente sin pagar está bastante bien para lo q puedes hacer",9.1.56,2026-06-18T23:04:31-07:00
app_store,es,14198905152,Lsnfnf mfmf,5,Icono,Por favor cambiar el icono actual y poder el original pls,9.1.56,2026-06-18T14:39:53-07:00
app_store,es,14198859674,cbnfran,5,The best,Where you can spend hours finding new music based on your taste,9.1.56,2026-06-18T14:22:45-07:00
app_store,es,14198685994,pirirbiri,1,Listas,La aplicación pone canciones que yo no elijo cuando estoy escuchando las que selecciono en mi lista. No entiendo para que sirve entonces esa lista.,9.1.56,2026-06-18T13:19:27-07:00
app_store,es,14198647931,Estef112,5,Lo adoro,Es perfecto,9.1.56,2026-06-18T13:06:04-07:00
app_store,es,14198569063,Goku11a1qqwwer,5,Kafka,Es una locura y da aura,9.1.56,2026-06-18T12:38:55-07:00
app_store,es,14198554990,ejotatebe,5,Porqué no???,Fantástico y accesible,9.1.56,2026-06-18T12:34:05-07:00
app_store,es,14198392034,Mía💕😍,5,Lo mejor para escuchar música,Una de las mejores apps para sentir la música,9.1.56,2026-06-18T11:39:37-07:00
app_store,es,14198333266,Mehdi Benkacem,5,Genial,Me encanta,9.1.56,2026-06-18T11:20:22-07:00
app_store,es,14198062077,Luluu🥇,4,.,"Esta genial pero muchos anuncios y no suele ponerte las canciones que quieres, me pone recomendaciones por la cara y eso no me gusta mucho pero bue",9.1.56,2026-06-18T09:54:57-07:00
app_store,es,14197673977,"Luciaych,outdbhj",5,Si,Genial,9.1.56,2026-06-18T08:02:30-07:00
app_store,es,14197638311,Hakaton 233,1,Always crashing no matter your iCloud storage availability,Watch that please,9.1.56,2026-06-18T07:52:20-07:00
app_store,es,14197217086,Lucía Relaño,5,Muy bueno!,Es una aplicación que va bien sin pagar el premium pero pagándolo es todavía mejor!! Muy muy recomendable,9.1.56,2026-06-18T05:48:37-07:00
app_store,es,14196944981,martaquincar,5,❤️,Ya no podría vivir sin Spotify,9.1.56,2026-06-18T04:17:57-07:00
app_store,es,14196566402,Chicho :) hdhdh,5,Spotify,Muy útil pero sino tienes el premium vas mal pero con el premium se disfruta mucho la app y me gusta mucho el diseño y el formato de la app,9.1.56,2026-06-18T01:42:10-07:00
app_store,es,14196533718,B.emotion,1,Precio,Carísimo,9.1.56,2026-06-18T01:27:10-07:00
app_store,es,14196340716,Jordikus,5,lo mejor,lo mejor,9.1.56,2026-06-17T23:58:41-07:00
app_store,es,14196277158,Correctisisimo,4,Anuncios,Os pasáis con los anuncios a los no premium,9.1.56,2026-06-17T23:28:31-07:00
app_store,es,14196269663,Danielfco,5,Best in quality and price!,After a few years of using this app I found it really helpful for music lovers,9.1.56,2026-06-17T23:24:58-07:00
app_store,es,14196195344,Habbier,5,Top,La mejor herramienta y compañía para trabajar.,9.1.56,2026-06-17T22:49:43-07:00
app_store,es,14196164553,Xirli,1,Publicidad hasta la nausea,Hay muchas mañanas que me meteis despues de una sola canción hasta 4 anuncios. Pero es que dos canciones después meteis otro corte publicitario. No teneis la mas minima vergüenza. En cuanto os salga competencia vais a tener una fuga tamaño Titanic.,9.1.56,2026-06-17T22:35:12-07:00
app_store,es,14196148389,TH|Noel$$$,5,La mejor aplicación,Pides escuchar la música q tu quieras,9.1.56,2026-06-17T22:27:36-07:00
app_store,es,14195595832,#tengohambre,5,La mejor aplicación.,"Está es la mejor aplicación de música que he provado, porque tiene una muy buena resumisión de las playlist, y cuando hay anuncios no interrumpe las canciones. En la versión gratuita, también hay una versión premium a bajo precio.",9.1.56,2026-06-17T18:31:40-07:00
app_store,es,14195221373,angmor67,5,Música,Es perfecto,9.1.56,2026-06-17T16:02:03-07:00
app_store,es,14195166353,Pavete88,4,DJ LIVI,"Adoro y uso bastante a DJ LIVI 
¿Podrían ofrecer más opciones de idioma?
Gracias",9.1.56,2026-06-17T15:40:11-07:00
app_store,es,14194950174,Qué te importa!,2,Pagar para usar,"Hace un mes podía poner en mi iPad las canciones que quisiera aunque con anuncios, ahora ya ni eso! si es que al final para poder USAR la app nos pondrá la opción de pagar o tragarte anuncios hasta en la mitad de las canciones!",9.1.56,2026-06-17T14:17:57-07:00
app_store,es,14194833854,2696-,5,Me relaja todo,Me encanta porque encontraste de todas clases de música,9.1.56,2026-06-17T13:36:36-07:00
app_store,pl,14202300018,Dianixx_xxx,5,Poprostu kocham tą aplikację,Bardzo polecam aplikację jeśli lubisz słuchać muzyk fajnie się nią używa i można tworzyć swoje playlisty i do tego można mieszać swoje gusty muzyczne z znajomymi świetne rozwiązanie dla słuchaczy muzyki!💞,9.1.58,2026-06-19T11:33:39-07:00
app_store,pl,14202287084,dfs_of_s,2,Громкость рекламы,"Громкость рекламы в разы выше установленной громкости музыки в телефоне, а если у человека проблемы со слухом, либо же человек в движении, услышав громкий вскрик, с иногда резких начал роликов реклам - сердечный приступ, либо испуг сделает движение. Знающихся на подобном юристам стоит заинтересоваться данными нормами. Считаю это не нормальным. Наличие рекламы ясное дело в бесплатных версиях и должно быть, но не таким которое рвет динамики и слуховые перепонки.",9.1.58,2026-06-19T11:29:25-07:00
app_store,pl,14202282484,Spotify recenzja,5,Recenzja Spotify,Jest to świetna aplikacja pełna różnych utworów mega polecam dla tego kto nie ma jeszcze Spotify,9.1.58,2026-06-19T11:27:55-07:00
app_store,pl,14202041124,Ja 🫰🏼,5,Spotifay,"Fajna aplikacja, ale gdy jest premium…",9.1.58,2026-06-19T10:10:36-07:00
app_store,pl,14201648954,Kajusqqq,4,Ocena,Myślę że bardzo dobra aplikacja brakuje jedynie aby było darmowe żeby nie mieć reklam,9.1.58,2026-06-19T08:13:04-07:00
app_store,pl,14201126235,Muzyka_love,5,Do spotyka,Koham muzykę mega jakiść,9.1.58,2026-06-19T05:39:18-07:00
app_store,pl,14200812500,Kanabinara,4,Icon,Jak dobrze że przywróciliście starą ikonę aplikacji bo na tamtą kulę dyskotekową nie mogłam patrzeć i usunęłam aplikację z ekranu głównego,9.1.58,2026-06-19T03:52:11-07:00
app_store,pl,14200654883,Lilqu15,1,To jest przesada,Nie da się suchać piosenki której się chce !!!!!!!,9.1.56,2026-06-19T02:49:02-07:00
app_store,pl,14200252643,Simbgjjh,5,🔥🔥,Way better than Apple Music,9.1.56,2026-06-18T23:49:33-07:00
app_store,pl,14200196257,KevinObi92,3,Ciągle włączona,"Od jakiegoś czasu nie da się zatrzymać odtwarzania muzyki, po zapauzowaniu i odblokowaniu telefonu muzyka odtwarza się automatycznie, przez co bardzo często coś mi gra w kieszeni. Jedyny sposób, aby faktycznie wyłączyć muzykę to wyrzucić aplikację z pamięci",9.1.56,2026-06-18T23:24:07-07:00
app_store,pl,14199062623,cipowymajonec,2,Głośniej te pierdolone reklamy dajcie bo jeszcze przez nie nie ogłuchłem,A i zamiast reklamy co piosenkę dajcie je jeszcze w jej połowie,9.1.56,2026-06-18T15:41:00-07:00
app_store,pl,14198762296,Zwariowany Marek,1,Płatna aplikacja,"Naprawdę nie rozumiem że naprawdę po kilku odwodzeniach właśnie muzyki nie mogę wybrać nowej jak rozumiem reklamy tak nie rozumiem zablokowania możliwości wyboru własnej muzyki pomijam fakt że nie mogę cofnąć na poprzednią i cofnąć muzykę na odpowiednią minutę,żenada
Nie polecam.",9.1.56,2026-06-18T13:46:56-07:00
app_store,pl,14198258061,Kajka 🩷,5,Spotify,Loveeeeeee,9.1.56,2026-06-18T10:56:22-07:00
app_store,pl,14198218012,GRZWEH,3,Brak automatycznego obracania ekranu na iPhone do widoku poziomego,Słabe to jest bo w samochodzie mam telefon poziomo,9.1.56,2026-06-18T10:43:33-07:00
app_store,pl,14198154797,wlauwers,5,Suuuuuuuuuuper apka,Spotify to bardzo fajna aplikacja działająca także  offline  da się słuchać wszystkich twórców i piosenek i pokazuje czego słuchasz najczęściej i co w danym miesiącu słuchasz,9.1.56,2026-06-18T10:23:33-07:00
app_store,pl,14198141549,danielvoltaire,1,Tnie muzykę,"Nie wiem co się zepsuło, ale tnie muzykę, robi jakieś dziwne pauzy. I nie jest to wina internetu.",9.1.56,2026-06-18T10:19:24-07:00
app_store,pl,14198029159,Matiudbgnjvnf,5,Super duper,Mam wyjebane,9.1.56,2026-06-18T09:45:05-07:00
app_store,pl,14197709595,yfazzer,5,Polecam,Super połączeń każdemu,9.1.56,2026-06-18T08:12:30-07:00
app_store,pl,14197543776,Misaki/t,5,Music,I just luv music,9.1.56,2026-06-18T07:25:23-07:00
app_store,pl,14197029043,Juliadaqueenperiod,5,X,Mega polecam :D,9.1.56,2026-06-18T04:47:20-07:00
app_store,pl,14196863023,Jager372,1,Reklamy,"Spotify to miała być aplikacja do słuchania muzyki a nie reklama ja rozumiem że jest coś takiego jak premium ale nie jestem tak bogaty,aby za to płacić prosił bym o zredukowanie ilości reklam w owej aplikacji pozdrawiam.jak ilość treści promujących zakup premium się zmieni ilość gwiazdek rownież się zmieni",9.1.56,2026-06-18T03:47:42-07:00
app_store,pl,14196632946,najlepsza aplikacja 👌👍,5,SPOTIFY,najlepsza APLIKACJA 👌👍!!!!!!!!!!!!!!!!!!!!!!!!!!!!!!!!!!!!,9.1.56,2026-06-18T02:12:24-07:00
app_store,pl,14196608512,Aga1233,4,Can someone fix auto play?,Whenever I stop or disconnect headphones and accidentally open Spotify or keep in in the background it starts playing,9.1.56,2026-06-18T02:01:29-07:00
app_store,pl,14196599959,Nasienie,5,Super,Spierdolononie zwalanie zboczona aplikacja do słuchania antyczny napakeniec i gejowski wali kuniora bo się kutasa boi,9.1.56,2026-06-18T01:57:37-07:00
app_store,pl,14196489567,Michał psikuta,5,Spotififi,Plis give me spotifaj premium for fri,9.1.56,2026-06-18T01:06:42-07:00
app_store,pl,14196432947,Klara1551,5,Super,Bardzo fajna aplikacja. Szczególnie gdy posiadam wersję premium. Jest tam praktycznie każdy utwór jaki istnieje. Bardzo fajnie i przyjemnie się korzysta. Polecam.,9.1.56,2026-06-18T00:40:15-07:00
app_store,pl,14194862294,b()s,5,ŚWIEYNE !!!!!,"Super że mogę ustawić co chce , słuchać ile chce to samo . Cena mogła by być korzystniejsza 😊😊😊",9.1.56,2026-06-17T13:46:40-07:00
app_store,pl,14194860125,ZUziak1,2,Mało,Więcej obcinków z YouTube i audiobooków plissssssssd,9.1.56,2026-06-17T13:45:53-07:00
app_store,pl,14194855496,Kasia 1001,5,Super,👍👍👍👍👍👍,9.1.56,2026-06-17T13:44:12-07:00
app_store,pl,14194678875,Piotrek1984_,3,Filtrowanie list,"Filtrowanie smao się zmienia, przez co podcasty odtwarzają się jak chcą.",9.1.56,2026-06-17T12:43:10-07:00
app_store,pl,14194512884,Mikotrex03,4,Reklamy,Reklamy są cały czas ale tak to fajne,9.1.56,2026-06-17T11:48:52-07:00
app_store,pl,14194339983,Sikora 2137,5,Ocena,No serio polecam jakby jak można nie mieć Spotify przecież to apka nr.1,9.1.56,2026-06-17T10:54:15-07:00
app_store,pl,14194206988,sl0974,5,My best music app,"I'm addicted to Spotify , listening everyday , every time I can💪",9.1.56,2026-06-17T10:13:33-07:00
app_store,pl,14194127759,SuperFanka,5,Ocena,Super aplikacja nie wyobrażam sobie życia bez niej,9.1.56,2026-06-17T09:50:07-07:00
app_store,pl,14194115031,j.m Xd Dx,5,Polecam,Wreszcie mam co słuchać w podróży więc super.Najlepsza aplikacja do słuchania muzyki ☺️☺️,9.1.56,2026-06-17T09:46:20-07:00
app_store,pl,14193952627,Dobór,5,Premium,Przynajmniej pół roku gratis,9.1.56,2026-06-17T08:58:07-07:00
app_store,pl,14193564263,Tomlee00,3,Trochę do poprawy,"Potrafią się same z siebie uruchomić podcasty / muzyka
Daje rekomendacje wykonawców których słuchałem 12 lat temu",9.1.56,2026-06-17T07:05:17-07:00
app_store,pl,14193457235,mikewrld999,5,Perfect,"It’s really nice, the new mixed playlist and dj functions are the best!",9.1.56,2026-06-17T06:34:15-07:00
app_store,pl,14193086797,Janek polska,1,Reklamy,Dużo reklam,9.1.56,2026-06-17T04:38:07-07:00
app_store,pl,14192906658,olga67_,5,hej,kocham,9.1.56,2026-06-17T03:32:42-07:00
app_store,pl,14192833338,pseudonimmm3,1,Średnia jest ta aplikacja,"Co chwilę reklamy, a jak wychodzę z aplikacji to muzyka dalej leci.",9.1.56,2026-06-17T03:03:03-07:00
app_store,pl,14192574342,Dużo kożystam,5,Spoko,Bardzo fajna aplikacja,9.1.56,2026-06-17T01:09:22-07:00
app_store,pl,14192367716,Hsjshsjskjjbvgtt00927:):!.!&,5,Kocham,Bez tej aplikacji nie wyobrażam sobie życia,9.1.56,2026-06-16T23:33:24-07:00
app_store,pl,14192223977,Olvagirl,1,Nie polecam!!!!,Wykryło że mam -18 i mam zablokowane konto. Próbowałam wejść- nie da się. Tam miałam wszystkich wykonawców i playlisty. Teraz jedyne co mam to depresję przez tą aplikację. Jeśli nie usuniecie weryfikacji będę codziennie dawać 1 gwiazdkę. Nie pozdrawiam,9.1.56,2026-06-16T22:26:21-07:00
app_store,pl,14192155052,Cichy M,4,Brak kasy,Dałam 4 gwiazdki bo nie stać mnie na premium,9.1.56,2026-06-16T21:55:02-07:00
app_store,pl,14191348884,tJskans n,4,Algorytm,"Słaby algorytm szukania nowej muzyki, ciągle leci to samo mimo odpalonej funkcji szukania nowych utworów",9.1.56,2026-06-16T16:33:16-07:00
app_store,pl,14191086751,frxx25,4,Voice crack...!,Headphones dont catch RAM data from live register without premium recommended fix (tried 4 pairs none worked),9.1.56,2026-06-16T14:53:14-07:00
app_store,pl,14190850171,aewinae,1,Blocked my account for no reason,"They blocked my account because I didn’t want to show my ID which I think is normal that I didn’t want to do that. even tho I’m using spotify family and i’m paying for it, also it’s 13+",9.1.56,2026-06-16T13:30:10-07:00
app_store,pl,14190645811,Nela Fidor,4,UUUUU,6-7 I do pieca mango musztarda skibidi essa 🤙🏼,9.1.56,2026-06-16T12:22:15-07:00
app_store,pl,14190619644,Bogdanka się,3,Jakość,"Rwie utwory, nie wiem dlaczego, może kosztem jakości",9.1.56,2026-06-16T12:13:51-07:00
app_store,hu,14201501218,lenyszerfelhasznalo,1,Spotify is no longer a music app. It is an advertising machine wearing a music app costume.,"Congratulations, Spotify: you managed to create a service where listening to music feels like an interruption between advertisements. The free version is practically unusable. Every few minutes there is another wave of aggressive commercials, often taking up a ridiculous amount of time. Sometimes it feels like Spotify is allowing me to hear one song as a reward for sitting through an advertisement marathon.

The constant pushing of Premium is also incredibly annoying. Instead of making the paid version attractive, Spotify has chosen the “make the free version unbearable until people surrender” strategy. It feels less like a choice and more like being cornered by a salesperson who refuses to leave.

And the “recommendation” system? Completely disrespectful. If I select an artist, I want that artist. I do not need Spotify throwing random similar artists at me that I never requested and do not care about. The app acts like it owns my taste in music and knows me better than I do. It doesn’t. It just keeps forcing content in my face.

Spotify has become a perfect example of a modern platform that forgot why people came there in the first place. Music is now just the bait. The real product is advertising, subscriptions, and keeping users trapped in an endless cycle of recommendations nobody asked for.

A once useful music service has turned into a loud, annoying, advertisement-driven billboard with a play button.

One star because zero stars are not available.",9.1.58,2026-06-19T07:31:03-07:00
app_store,hu,14200031714,Thereal Coogi,5,Cool,Super,9.1.56,2026-06-18T22:10:48-07:00
app_store,hu,14196877749,Kanyndns,5,Sounding,I love the app but we need better sound,9.1.56,2026-06-18T03:53:12-07:00
app_store,hu,14192324370,Unknownuserrrrrrr,4,Adds,Adds are disturbing and I don’t want to pay for Spotify premium but other than that the app is PERFECT❤️,9.1.56,2026-06-16T23:13:10-07:00
app_store,hu,14190653390,Nemezazigazinevem,5,Vélemény,Csodálatos  zenék streamelésére főleg ingyen van,9.1.56,2026-06-16T12:24:42-07:00
app_store,hu,14190404590,_mmiming,4,Hacking problem,"Genuenly how does this platform let their artist get hacked?? It happened with two I listen to and it’s annoying.
There might be more but I only know“faded” Ban them thank you.",9.1.56,2026-06-16T11:05:17-07:00
app_store,hu,14189664483,Drholmes,4,No connection,If I try to log in it writes you are offline.  This version is not usable,9.1.56,2026-06-16T07:20:32-07:00
app_store,hu,14189042287,Duo az egy szar,3,Reklam a baj,Sok a reklam,9.1.56,2026-06-16T03:57:57-07:00
app_store,hu,14188788667,Gyrossssdftr,5,CITY GYROS,SUPER,9.1.56,2026-06-16T02:10:59-07:00
app_store,hu,14186626387,Bogi Tóth,5,The life,I cant live without spoty ❤️,9.1.56,2026-06-15T11:29:05-07:00
app_store,hu,14182520699,Gabka V.,5,Szeretem,Mindent megtalálok rajta. Nagyon szeretem!,9.1.50,2026-06-14T10:17:16-07:00
app_store,hu,14181063079,Bence1212,5,Spotify,"Nagyon jó csak azok a koncertes reklámok idegesítenek. Mindig azt mondjátok, hogy akkor majd jobb reklámokat kapok de még mindig nem.",9.1.50,2026-06-14T02:11:32-07:00
app_store,hu,14180947714,🍩Donald🍩,5,Spotify,This is the best app ever,9.1.50,2026-06-14T01:23:05-07:00
app_store,hu,14180911808,Ertomi74,1,U,"Töröltétek a 80s night fever albumot,,!!!",9.1.50,2026-06-14T01:07:56-07:00
app_store,hu,14179706219,Barca egyszar,5,Csá,Kurva jo csak draga,9.1.50,2026-06-13T16:43:55-07:00
app_store,hu,14173984806,Gellér ádám,5,.,I love this app,9.1.50,2026-06-12T07:09:17-07:00
app_store,hu,14172576388,Golf 7gtd,5,V,Nagyon jó soha nem csalodok benne,9.1.50,2026-06-11T22:01:50-07:00
app_store,hu,14170757082,Gbrigitta89,5,A spotify,Nagyon jó,9.1.50,2026-06-11T10:37:54-07:00
app_store,hu,14170518235,AshenOne43,1,Hirdetes minden szám után,67 hirdetes percenkent eleg fos. Ertem hogy vegyek premiumot de ez már mindennek a legalja,9.1.48,2026-06-11T09:26:37-07:00
app_store,hu,14169722511,mdallos,1,Can’t avoid,"Despite the fact that the UX is terrible and confusing, it can’t be substituted due to the largest selection of music and podcast. It’s unfortunately a monopoly and I hate to sponsor it",9.1.48,2026-06-11T05:31:19-07:00
app_store,hu,14167385424,GaborFenderPiano22,5,Logo,Kérem vissza a régi logot!!!!😭😭😭 Ezzel teljesen elvesztette az értékét!,9.1.48,2026-06-10T13:22:55-07:00
app_store,hu,14167071137,Barnika1420,5,Barni,Jók a zenék🎤🎼,9.1.48,2026-06-10T11:36:42-07:00
app_store,hu,14166725630,Hannarakosi_13,5,Hanna,Imadom,9.1.48,2026-06-10T09:46:59-07:00
app_store,hu,14166382365,MKrisz00,1,0,Gyenge,9.1.48,2026-06-10T08:04:21-07:00
app_store,hu,14164933787,nyábu,5,Az élet,Ha nem lenne a spotify akkor nem tudom mit csinalnak majdnem egesznap,9.1.48,2026-06-09T23:01:31-07:00
app_store,hu,14163098594,#Valakiakinemtevagy,5,Vélemény,Nagyon jo ez az apppppppp!,9.1.48,2026-06-09T10:58:41-07:00
app_store,hu,14161597625,Brekka0912,5,Függője vagyok ! 😁,Imádom! 🫶,9.1.48,2026-06-09T02:57:16-07:00
app_store,hu,14160285835,€ncs,1,Ads with premium,"Even though I pay for premium, there are now ads before podcasts, there weren’t any a couple months ago",9.1.48,2026-06-08T17:20:23-07:00
app_store,hu,14159440345,John Smith001,5,Nice,I tried a lots of music apps and this is the best. Keep going😀,9.1.48,2026-06-08T12:05:13-07:00
app_store,hu,14158301321,Széchenyi Regő,5,Széchenyi Regő,Best app,9.1.48,2026-06-08T06:11:48-07:00
app_store,hu,14158236966,faani61,5,The new logo is terrible,Please put the old simple logo back. I hate this disco ball.,9.1.48,2026-06-08T05:51:22-07:00
app_store,hu,14157135707,Kincsikee,5,Spotify,Túl sok a reklám,9.1.48,2026-06-07T21:58:37-07:00
app_store,hu,14156011072,Nacsa vilma,5,spotyly,"nagyon jó nagyon sok féle dal van és segít, a legjobb app ezt használom a legtöbbet imádom tényleg 10/12 mindenki használja mert ez a best",9.1.48,2026-06-07T14:06:01-07:00
app_store,hu,14155068504,Blobsy tomato,1,Awful I rather listen to Apple Music,If you don’t have premium the whole thing sucks,9.1.48,2026-06-07T08:55:57-07:00
app_store,hu,14154446874,wmatyko,1,Logo,"Happy birthday, we get it. Now back to the old logo please.",9.1.48,2026-06-07T05:49:16-07:00
app_store,hu,14152776444,Strekyhun,5,Best app for music,Best,9.1.48,2026-06-06T18:28:37-07:00
app_store,hu,14152079666,Carrotman)(€,5,Sb,Imadom,9.1.48,2026-06-06T13:46:15-07:00
app_store,hu,14151337167,Its an ad simulator,5,Love it.,This helped my mental health sm. Its soooo useful. It literally saved me <3,9.1.48,2026-06-06T09:35:32-07:00
app_store,hu,14147052280,10/10!?,5,10/10,10/10,9.1.48,2026-06-05T07:50:52-07:00
app_store,hu,14146957136,Joesassu,1,.,Theese fags done threw 5ads in feont  of me,9.1.48,2026-06-05T07:24:26-07:00
app_store,hu,14146229488,Kxdksitdukdl,5,Valaki,Ez egy kész csoda🤩🤩,9.1.48,2026-06-05T03:33:27-07:00
app_store,hu,14145933017,Ihatethisicon,1,New icon is Terrible!,"Are you kidding me? It’s great that there’s a new icon and all the fancy stuff, but whoever designed it must be at least 90 years old and stuck in my grandmother’s bedroom! At the very least, make the icon optional next time, so people can choose between the new fancy mess and the original logo. The contrast, the design, the overall look—it’s absolutely terrible!",9.1.48,2026-06-05T01:25:20-07:00
app_store,hu,14144427428,szopkizukkerberg,1,buzi daniel ek,nem minden van fenn es draga is,9.1.48,2026-06-04T14:29:25-07:00
app_store,hu,14144272837,Shinzii,1,New app icon is ugly,Please make back the normal app icon,9.1.48,2026-06-04T13:31:42-07:00
app_store,hu,14144013902,karbeat,5,Karol,Jó,9.1.48,2026-06-04T12:01:12-07:00
app_store,hu,14143383597,Catfunny138,5,Spotify,Csak nagyon jó,9.1.48,2026-06-04T08:40:29-07:00
app_store,hu,14143050019,RuszKILLER,5,Spotify,A Spotify mindigis nagyon jó volt és az is lessz🙂,9.1.48,2026-06-04T07:02:53-07:00
app_store,hu,14140129043,Grabecz Linda,4,Hatrany,Ha berakom pl a pannoniat akkor mast ad be,9.1.48,2026-06-03T11:43:01-07:00
app_store,hu,14139902261,LuHydiyxitzti,5,Spotify,"A legjobb zene app szerintem a legeslegjobb
Mindenkinek le kéne tölteni mert ez a legjobb és ezen a legjobb a zenét hallgatni aki Zenés appot használ azt szerintem nem tudja hogy mi az a zene",9.1.48,2026-06-03T10:29:03-07:00
app_store,hu,14139327380,partoporty,5,Weekly discover 4ever!,"Az algoritmus nagyon jó javaslatokat tesz évek óta, a betáplált playlistek mindig megfelelőek, változatosak, szórakoztatóak.",9.1.48,2026-06-03T07:34:38-07:00
app_store,pe,14203637187,Mis clásicos,5,Un alivio,"Muy buena!!!  ni que decir por el contenido de las músicas y sus historias , simplemente …. Gracias totales",9.1.58,2026-06-19T19:56:04-07:00
app_store,pe,14203575487,Alex.Gut,5,Agradecimiento,"Poder escuchar sin pausas es una maravilla, me está salvando de una depresión muy fuerte, gracias por siempre aydiar a los demás",9.1.58,2026-06-19T19:32:03-07:00
app_store,pe,14203373233,espartacuss invest,5,Buenísima app,Súper práctica y hay para todos los gustos👍,9.1.58,2026-06-19T18:14:18-07:00
app_store,pe,14202921462,Biker xl,5,Opinión usuario,Demasiado bueno conchstumare mejoren más la calidad de sonido nms,9.1.58,2026-06-19T15:15:46-07:00
app_store,pe,14201885301,Surfgc,1,Lentitud y fallas desde la última actualización de iOS26.5,En Spotify está funcionando terrible desde que hago la actualizó el iOS 26.5. Van a solucionarlo ?,9.1.58,2026-06-19T09:22:48-07:00
app_store,pe,14201550602,Abue NATY,5,Son de mi época y me tranquilizan; me siento en paz  felices. Tengo 77 años.,Paz y con muchos recuerdos de mi juventud,9.1.58,2026-06-19T07:45:06-07:00
app_store,pe,14200231937,Holaaikaki,5,Holii,"Está muy buena, no hay fallas ;33",9.1.56,2026-06-18T23:40:07-07:00
app_store,pe,14197753614,Anisan777,3,Logo,"El logo anterior estaba demasiado genial, la verdad este es muy simple! La bola disco espectacular!",9.1.56,2026-06-18T08:24:51-07:00
app_store,pe,14197566408,Pao🎶🎧,5,Me encanta,"Siempre encuentro lo que busco, incluso libros que era difíciles de encontrar 🤩",9.1.56,2026-06-18T07:31:55-07:00
app_store,pe,14195813463,Mateo tinel,1,O,"Terrible ! Cuando escuchas un espisodio litelarmente aunque tengas un muy buen inernet se traba y tienes q esperar comoo
 10 minutos para que carge",9.1.56,2026-06-17T19:58:21-07:00
app_store,pe,14195170403,FADI09.,5,Lo mejor,Me encanta esta aplicación es muy buena y me ayuda mucho,9.1.56,2026-06-17T15:41:48-07:00
app_store,pe,14194994718,Treellu,3,No hay tanta variedad,"Aveces hay músicas que encuentras en youtube toda chida, pero que en spotify no están disponibles o no han subido y también siento que no hace buenas playlist ;estaba mejor con mi spotify sin pagar creo,ahí si me ponía buenas playlist.Deberian mejorar esa parte",9.1.56,2026-06-17T14:34:27-07:00
app_store,pe,14194528314,Aloyooo,3,Me cambian de artista,Porque me cambian de artista si vine por ellos no me den otros,9.1.56,2026-06-17T11:53:56-07:00
app_store,pe,14193460340,Willynator28,4,Calidad de audio por mejorar,La calidad del audio puede mejorar,9.1.56,2026-06-17T06:35:09-07:00
app_store,pe,14192379995,Sebas.1444,5,Me encanta 😱😱,Es una aplicación muy buena 💪💪,9.1.56,2026-06-16T23:39:12-07:00
app_store,pe,14192201742,21Timoelmejor,5,La mejor del mundo,Se los recomendó a todos,9.1.56,2026-06-16T22:16:10-07:00
app_store,pe,14192049010,HSdri,4,Un 7 de 10,Le pusiera la 5 estrella pero está un poco caro la suscripción,9.1.56,2026-06-16T21:08:04-07:00
app_store,pe,14191942501,untalchachu,5,:),estaría muerto sin la música,9.1.56,2026-06-16T20:22:21-07:00
app_store,pe,14191592198,El mejor e,5,Buena,Buena,9.1.56,2026-06-16T18:06:35-07:00
app_store,pe,14190417517,EL FIEL MANU,5,Me encanta,Lo mejor para mi relajo en casa y en calle,9.1.56,2026-06-16T11:09:23-07:00
app_store,pe,14190290787,Díaz Correa,4,Increíble,"Se escucha bien y tiene buenas canciones como Good kid, pero tiene muchos anuncios y lo malo que tengo que pagar.",9.1.56,2026-06-16T10:29:07-07:00
app_store,pe,14190274896,Claudia Basurto,5,Gratitud a Ustedes ♥️,Gracias de todo corazón por esta plataforma de Spotify que es de gran bendición 🙌🏼✨,9.1.56,2026-06-16T10:24:07-07:00
app_store,pe,14189782020,angeloascona,1,Problema de conexión,Se desconecta de google home,9.1.56,2026-06-16T07:55:05-07:00
app_store,pe,14188334229,Ultron089,1,Ya no hay planes anuales,"Que pasó porque quitaron los planes anuales un pago
Único por un año, ahora solo hay mensual es muy molesto, los meses pasan muy rapido, pagar un año ya se olvida de los pagos restantes y es más liberador.",9.1.56,2026-06-15T22:33:17-07:00
app_store,pe,14187835475,Ander2201,5,IA DJ,"Need IA DJ now
And HIFI compability",9.1.56,2026-06-15T18:53:36-07:00
app_store,pe,14187459168,giovaesther,5,Lo máximo,🥰,9.1.56,2026-06-15T16:24:37-07:00
app_store,pe,14186933514,Cyzang,5,App anti stress,"La música relaja y libera de tensiones, es una plataforma donde te conectas contigo mismo, a través de la música",9.1.56,2026-06-15T13:09:43-07:00
app_store,pe,14186661683,Citytras,5,Elogios,"Superó por mucho mi expectativa y estoy MUY satisfecho. Encuentro además todo tipo de música orquestada y tooodos los intérpretes. Realmente estoy muy satisfecho. Agrego que encuentro toooodas las canciones que gusto, y no solo de ahora, muuuchas antiguas. Felicitaciones. Cesar Gray.",9.1.56,2026-06-15T11:40:19-07:00
app_store,pe,14186619782,ivse83,5,Super,Excelente,9.1.56,2026-06-15T11:26:58-07:00
app_store,pe,14186589969,@Albitarte14,5,Mi mejor app,Lo máximo me da todo,9.1.56,2026-06-15T11:17:27-07:00
app_store,pe,14186514728,Lyssete_,5,creativamente escucha música,me gusta que permite personalización como hacer tus playlist con descripción y foto de portada editable desde el app,9.1.56,2026-06-15T10:53:58-07:00
app_store,pe,14185105931,AstonMartinNut,5,Lo máximo,Me divierte mucho,9.1.56,2026-06-15T03:34:38-07:00
app_store,pe,14183823668,My beibe,5,Muy bueno,Muy bueno,9.1.50,2026-06-14T18:04:08-07:00
app_store,pe,14183727651,Spotify 67))8?8,5,67,Cuando te sales de la aplicación se sigue escuchando la música,9.1.50,2026-06-14T17:25:31-07:00
app_store,pe,14183675110,ok203040,1,Excesivos anuncio y publicidad,"Por favor, coloquen mucha menos publicidad !!  y bajen los precios si quieren que una familia pague las mensualidades",9.1.50,2026-06-14T17:04:54-07:00
app_store,pe,14183498554,Para ti ☺️💫🎀,5,Spotify para ti ☺️,Gracias por acompañarme en yodo momento.,9.1.50,2026-06-14T15:53:20-07:00
app_store,pe,14182356540,Hyunjin 120994,5,Bien,Ok,9.1.50,2026-06-14T09:27:27-07:00
app_store,pe,14181425083,André260196,5,Buena app,A mejorado mucho,9.1.50,2026-06-14T04:37:15-07:00
app_store,pe,14179738054,Montaña Jiuyi,5,DuduBubu,DuduBubu,9.1.50,2026-06-13T16:57:12-07:00
app_store,pe,14179648187,Lonsh I,5,Yari,Que riiico,9.1.50,2026-06-13T16:20:16-07:00
app_store,pe,14178955913,ñkjgvg,4,Mejorar en no poner tantos anuncios,Bueno,9.1.50,2026-06-13T12:06:50-07:00
app_store,pe,14178931891,Rizwannn0912,5,Gracias,Gracias por eliminar los anuncios ya quería cambiar la canción varias veces y no podía pero ahora ya puedo,9.1.50,2026-06-13T11:58:47-07:00
app_store,pe,14174946377,Ana Gamarra,5,Asistente Virtual Livi,Selecciona mis canciones de preferencia y me recomiendas las que más me gusta! Es muy funcional. Me encanta! ☺️☺️,9.1.50,2026-06-12T11:47:13-07:00
app_store,pe,14174363695,ChenteRC,5,Me gusta,Lo máximo ahora tiene muchas más funciones,9.1.50,2026-06-12T08:49:26-07:00
app_store,pe,14173540528,Jhonkkk,5,Excelente App,"Muy útil con sus recomendaciones de música, crea tu mismo estilo musical",9.1.50,2026-06-12T04:56:13-07:00
app_store,pe,14172477354,Maricielo Riri 🪲🐍🦎🦖,5,Amo 🐍,Me vas amar! 🪲,9.1.50,2026-06-11T21:16:16-07:00
app_store,pe,14170677031,RennellSushi,5,Excepcional 🤩,Hacen la vida más bella,9.1.50,2026-06-11T10:14:00-07:00
app_store,pe,14169780400,Rol3ando,5,I like it,Is Good experience listen music here,9.1.48,2026-06-11T05:49:29-07:00
app_store,pe,14169497243,Erick Ek,3,Hla o,Hola,9.1.48,2026-06-11T04:15:09-07:00
app_store,pe,14168320111,mabdien,5,ManuBE,67MB,9.1.48,2026-06-10T19:31:08-07:00
